PID,Family,OEM-line,Proposed-E3,Type,OEM-doc#,EoL-status (note only),Note
R9Y03A,Aruba CX 6000,CX,Aruba CX 6000 Switches,fixed,a00112996enw,current,base; 48G Cls4 PoE 4SFP 740W
R8N85A,Aruba CX 6000,CX,Aruba CX 6000 Switches,fixed,a00112996enw,current,base; 48G Cls4 PoE 4SFP 370W
R8N86A,Aruba CX 6000,CX,Aruba CX 6000 Switches,fixed,a00112996enw,current,base; 48G 4SFP
R8N87A,Aruba CX 6000,CX,Aruba CX 6000 Switches,fixed,a00112996enw,current,base; 24G Cls4 PoE 4SFP 370W
R8N88A,Aruba CX 6000,CX,Aruba CX 6000 Switches,fixed,a00112996enw,current,base; 24G 4SFP
R8N89A,Aruba CX 6000,CX,Aruba CX 6000 Switches,fixed,a00112996enw,current,base; 12G Cls4 PoE 2G/2SFP 139W
JL675A,Aruba CX 6100,CX,Aruba CX 6100 Switches,fixed,a00106853enw,current,base; 48G Cls4 PoE 4SFP+ 370W
JL676A,Aruba CX 6100,CX,Aruba CX 6100 Switches,fixed,a00106853enw,current,base; 48G 4SFP+
JL677A,Aruba CX 6100,CX,Aruba CX 6100 Switches,fixed,a00106853enw,current,base; 24G Cls4 PoE 4SFP+ 370W
JL678A,Aruba CX 6100,CX,Aruba CX 6100 Switches,fixed,a00106853enw,current,base; 24G 4SFP+
JL679A,Aruba CX 6100,CX,Aruba CX 6100 Switches,fixed,a00106853enw,current,base; 12G Cls4 PoE 2G/2SFP+ 139W
JL724B,Aruba CX 6200F,CX,Aruba CX 6200F Switches,fixed,a00059762enw,current(B-rev),base; 24G 4SFP+; ZU_VERIFIZIEREN datasheet
S0M81A,Aruba CX 6200F,CX,Aruba CX 6200F Switches,fixed,a00059762enw,current,base-4SFP; 24G 4SFP; ZU_VERIFIZIEREN
S0M86A,Aruba CX 6200F,CX,Aruba CX 6200F Switches,fixed,a00059762enw,current,TAA; 24G 4SFP+ TAA; ZU_VERIFIZIEREN
S0G13A,Aruba CX 6200F,CX,Aruba CX 6200F Switches,fixed,a00059762enw,current,TAA-4SFP; 24G 4SFP TAA; ZU_VERIFIZIEREN
JL725B,Aruba CX 6200F,CX,Aruba CX 6200F Switches,fixed,a00059762enw,current,base; 24G Cls4 PoE 4SFP+ 370W
S0M82A,Aruba CX 6200F,CX,Aruba CX 6200F Switches,fixed,a00059762enw,current,base-4SFP; 24G Cls4 PoE 4SFP 370W
S0M87A,Aruba CX 6200F,CX,Aruba CX 6200F Switches,fixed,a00059762enw,current,TAA; 24G PoE 4SFP+ 370W TAA
S0G14A,Aruba CX 6200F,CX,Aruba CX 6200F Switches,fixed,a00059762enw,current,TAA-4SFP; 24G PoE 4SFP 370W TAA
JL726B,Aruba CX 6200F,CX,Aruba CX 6200F Switches,fixed,a00059762enw,current,base; 48G 4SFP+
S0M83A,Aruba CX 6200F,CX,Aruba CX 6200F Switches,fixed,a00059762enw,current,base-4SFP; 48G 4SFP
S0M88A,Aruba CX 6200F,CX,Aruba CX 6200F Switches,fixed,a00059762enw,current,TAA; 48G 4SFP+ TAA
S0G15A,Aruba CX 6200F,CX,Aruba CX 6200F Switches,fixed,a00059762enw,current,TAA-4SFP; 48G 4SFP TAA
JL727B,Aruba CX 6200F,CX,Aruba CX 6200F Switches,fixed,a00059762enw,current,base; 48G Cls4 PoE 4SFP+ 370W
S0M84A,Aruba CX 6200F,CX,Aruba CX 6200F Switches,fixed,a00059762enw,current,base-4SFP; 48G PoE 4SFP 370W
S0M89A,Aruba CX 6200F,CX,Aruba CX 6200F Switches,fixed,a00059762enw,current,TAA; 48G PoE 4SFP+ 370W TAA
S0G16A,Aruba CX 6200F,CX,Aruba CX 6200F Switches,fixed,a00059762enw,current,TAA-4SFP; 48G PoE 4SFP 370W TAA
JL728B,Aruba CX 6200F,CX,Aruba CX 6200F Switches,fixed,a00059762enw,current,base; 48G Cls4 PoE 4SFP+ 740W
S0M85A,Aruba CX 6200F,CX,Aruba CX 6200F Switches,fixed,a00059762enw,current,base-4SFP; 48G PoE 4SFP 740W
S0M90A,Aruba CX 6200F,CX,Aruba CX 6200F Switches,fixed,a00059762enw,current,TAA; 48G PoE 4SFP+ 740W TAA
S0G17A,Aruba CX 6200F,CX,Aruba CX 6200F Switches,fixed,a00059762enw,current,TAA-4SFP; 48G PoE 4SFP 740W TAA
JL665A,Aruba CX 6300F,CX,Aruba CX 6300F Switches,fixed,a00085162ENW,current,base; 48p 1G Cls4 PoE 4 SFP56
JL666A,Aruba CX 6300F,CX,Aruba CX 6300F Switches,fixed,a00085162ENW,current,base; 24p 1G Cls4 PoE 4 SFP56
JL667A,Aruba CX 6300F,CX,Aruba CX 6300F Switches,fixed,a00085162ENW,current,base; 48p 1G 4 SFP56
JL668A,Aruba CX 6300F,CX,Aruba CX 6300F Switches,fixed,a00085162ENW,current,base; 24p 1G 4 SFP56
S0G95A,Aruba CX 6300F,CX,Aruba CX 6300F Switches,fixed,a00085162ENW,current,TAA; 48p PoE 4 SFP56 TAA
S0G96A,Aruba CX 6300F,CX,Aruba CX 6300F Switches,fixed,a00085162ENW,current,TAA; 24p PoE 4 SFP56 TAA
S0G97A,Aruba CX 6300F,CX,Aruba CX 6300F Switches,fixed,a00085162ENW,current,TAA; 48p 4 SFP56 TAA
S0G98A,Aruba CX 6300F,CX,Aruba CX 6300F Switches,fixed,a00085162ENW,current,TAA; 24p 4 SFP56 TAA
JL658A,Aruba CX 6300M,CX,Aruba CX 6300M Switches,fixed,a00085162ENW,current,base; 24p SFP+ 4 SFP56
JL659A,Aruba CX 6300M,CX,Aruba CX 6300M Switches,fixed,a00085162ENW,current,base; 48p SR Cls6 PoE 4 SFP56
JL660A,Aruba CX 6300M,CX,Aruba CX 6300M Switches,fixed,a00085162ENW,current,base; 24p SR Cls6 PoE 4 SFP56
JL661A,Aruba CX 6300M,CX,Aruba CX 6300M Switches,fixed,a00085162ENW,current,base; 48p 1G Cls4 PoE 4 SFP56
JL662A,Aruba CX 6300M,CX,Aruba CX 6300M Switches,fixed,a00085162ENW,current,base; 24p 1G Cls4 PoE 4 SFP56
JL663A,Aruba CX 6300M,CX,Aruba CX 6300M Switches,fixed,a00085162ENW,current,base; 48p 1G 4 SFP56
JL664A,Aruba CX 6300M,CX,Aruba CX 6300M Switches,fixed,a00085162ENW,current,base; 24p 1G 4 SFP56
JL762A,Aruba CX 6300M,CX,Aruba CX 6300M Switches,fixed,a00085162ENW,current,BtF; 48p Power-to-Port (Back-to-Front airflow)
S0E91A,Aruba CX 6300M,CX,Aruba CX 6300M Switches,fixed,a00085162ENW,current,base; 48p SR10 Cls8 PoE 4p100G MACsec
S0X44A,Aruba CX 6300M,CX,Aruba CX 6300M Switches,fixed,a00085162ENW,current,TAA; TAA twin of S0E91A
R8S89A,Aruba CX 6300M,CX,Aruba CX 6300M Switches,fixed,a00085162ENW,current,base; 24p SR Cls6 PoE 2p50G 2p25G
R8S90A,Aruba CX 6300M,CX,Aruba CX 6300M Switches,fixed,a00085162ENW,current,base; 48p SR Cls8 PoE 2p50G 2p25G
R8S91A,Aruba CX 6300M,CX,Aruba CX 6300M Switches,fixed,a00085162ENW,current,base; 48SR5 Cls8/6 PoE 2p50G 2p10G LRM
R8S92A,Aruba CX 6300M,CX,Aruba CX 6300M Switches,fixed,a00085162ENW,current,base; 24p SFP+ LRM 2p50G 2p25G MACsec
S0F99A,Aruba CX 6300M,CX,Aruba CX 6300M Switches,fixed,a00085162ENW,current,TAA; 24p PoE 4 SFP56 TAA
S0G00A,Aruba CX 6300M,CX,Aruba CX 6300M Switches,fixed,a00085162ENW,current,TAA; 48p 4 SFP56 TAA
S0G01A,Aruba CX 6300M,CX,Aruba CX 6300M Switches,fixed,a00085162ENW,current,TAA; 24p 4 SFP56 TAA
S0G03A,Aruba CX 6300M,CX,Aruba CX 6300M Switches,fixed,a00085162ENW,current,TAA; 24p SFP+ 4 SFP56 TAA
S0G04A,Aruba CX 6300M,CX,Aruba CX 6300M Switches,fixed,a00085162ENW,current,TAA; 48p SR Cls6 PoE 4 SFP56 TAA
S0G05A,Aruba CX 6300M,CX,Aruba CX 6300M Switches,fixed,a00085162ENW,current,TAA; 24p SR Cls6 PoE 4 SFP56 TAA
S0G06A,Aruba CX 6300M,CX,Aruba CX 6300M Switches,fixed,a00085162ENW,current,TAA; 48p 1G Cls4 PoE 4 SFP56 TAA
S0G02A,Aruba CX 6300M,CX,Aruba CX 6300M Switches,fixed,a00085162ENW,current,TAA+BtF; TAA Power-to-Port twin of JL762A
JL817A,Aruba CX 4100i,CX,Aruba CX 4100i Switches,fixed,a00117285ENW,current,base; 12p 1G PoE 2 SFP+ DIN industrial
JL818A,Aruba CX 4100i,CX,Aruba CX 4100i Switches,fixed,a00117285ENW,current,base; 24p 1G PoE 4 SFP+ industrial
JH327A,HPE 1420,SMB,HPE OfficeConnect 1420 Switches,fixed,c04609036,current,base; 5G
JH328A,HPE 1420,SMB,HPE OfficeConnect 1420 Switches,fixed,c04609036,current,PoE+; 5G PoE+ 32W
JH329A,HPE 1420,SMB,HPE OfficeConnect 1420 Switches,fixed,c04609036,current,base; 8G
JH330A,HPE 1420,SMB,HPE OfficeConnect 1420 Switches,fixed,c04609036,current,PoE+; 8G PoE+ 64W
JH016A,HPE 1420,SMB,HPE OfficeConnect 1420 Switches,fixed,c04609036,current,base; 16G
JG708B,HPE 1420,SMB,HPE OfficeConnect 1420 Switches,fixed,c04609036,current,base; 24G (B-rev)
JH017A,HPE 1420,SMB,HPE OfficeConnect 1420 Switches,fixed,c04609036,current,base; 24G 2SFP
JH018A,HPE 1420,SMB,HPE OfficeConnect 1420 Switches,fixed,c04609036,current,base; 24G 2SFP+
JH019A,HPE 1420,SMB,HPE OfficeConnect 1420 Switches,fixed,c04609036,current,PoE+; 24G PoE+ 124W
J9979A,HPE 1820,SMB,HPE OfficeConnect 1820 Switches,fixed,c04518995,EoS-2022,base; 8G
J9982A,HPE 1820,SMB,HPE OfficeConnect 1820 Switches,fixed,c04518995,EoS-2022,PoE+; 8G PoE+ 65W
J9980A,HPE 1820,SMB,HPE OfficeConnect 1820 Switches,fixed,c04518995,EoS-2022,base; 24G 2SFP
J9983A,HPE 1820,SMB,HPE OfficeConnect 1820 Switches,fixed,c04518995,EoS-2022,PoE+; 24G PoE+ 185W 2SFP
J9981A,HPE 1820,SMB,HPE OfficeConnect 1820 Switches,fixed,c04518995,EoS-2022,base; 48G 4SFP
J9984A,HPE 1820,SMB,HPE OfficeConnect 1820 Switches,fixed,c04518995,EoS-2022,PoE+; 48G PoE+ 370W 4SFP
JL810A,Aruba IO 1830,SMB,Aruba Instant On 1830 Switches,fixed,a00119988enw,current,base; 8G
JL811A,Aruba IO 1830,SMB,Aruba Instant On 1830 Switches,fixed,a00119988enw,current,PoE; 8G 4p Cls4 PoE 65W
JL812A,Aruba IO 1830,SMB,Aruba Instant On 1830 Switches,fixed,a00119988enw,current,base; 24G 2SFP
JL813A,Aruba IO 1830,SMB,Aruba Instant On 1830 Switches,fixed,a00119988enw,current,PoE; 24G 12p PoE 2SFP 195W
JL814A,Aruba IO 1830,SMB,Aruba Instant On 1830 Switches,fixed,a00119988enw,current,base; 48G 4SFP
JL680A,Aruba IO 1930,SMB,Aruba Instant On 1930 Switches,fixed,a00098249enw,current,base; 8G 2SFP
JL681A,Aruba IO 1930,SMB,Aruba Instant On 1930 Switches,fixed,a00098249enw,current,PoE; 8G PoE 2SFP 124W
JL682A,Aruba IO 1930,SMB,Aruba Instant On 1930 Switches,fixed,a00098249enw,current,base; 24G 4SFP/SFP+
JL683A,Aruba IO 1930,SMB,Aruba Instant On 1930 Switches,fixed,a00098249enw,current,PoE; 24G PoE 4SFP/SFP+ 195W (B-rev JL683B)
JL684A,Aruba IO 1930,SMB,Aruba Instant On 1930 Switches,fixed,a00098249enw,current,PoE; 24G PoE 4SFP/SFP+ 370W (B-rev JL684B)
JL685A,Aruba IO 1930,SMB,Aruba Instant On 1930 Switches,fixed,a00098249enw,current,base; 48G 4SFP/SFP+
JL686A,Aruba IO 1930,SMB,Aruba Instant On 1930 Switches,fixed,a00098249enw,current,PoE; 48G PoE 4SFP/SFP+ 370W (B-rev JL686B)
JH295A,HPE 1950,SMB,HPE OfficeConnect 1950 Switches,fixed,c04545486,EoS-2020,base; 12XGT 4SFP+ (320 Gbps aggr)
JG960A,HPE 1950,SMB,HPE OfficeConnect 1950 Switches,fixed,c04545486,EoS-2020,base; 24G 2SFP+ 2XGT
JG961A,HPE 1950,SMB,HPE OfficeConnect 1950 Switches,fixed,c04545486,EoS-2020,base; 48G 2SFP+ 2XGT
JG962A,HPE 1950,SMB,HPE OfficeConnect 1950 Switches,fixed,c04545486,EoS-2020,PoE+; 24G 2SFP+ 2XGT PoE+ 370W
JG963A,HPE 1950,SMB,HPE OfficeConnect 1950 Switches,fixed,c04545486,EoS-2020,PoE+; 48G 2SFP+ 2XGT PoE+ 370W
JL805A,Aruba IO 1960,SMB,Aruba Instant On 1960 Switches,fixed,a00118137enw,current,base; 12XGT 4SFP+ aggr
JL806A,Aruba IO 1960,SMB,Aruba Instant On 1960 Switches,fixed,a00118137enw,current,base; 24G 2XGT 2SFP+
JL807A,Aruba IO 1960,SMB,Aruba Instant On 1960 Switches,fixed,a00118137enw,current,PoE; 24G PoE 2XGT 2SFP+ 370W
JL808A,Aruba IO 1960,SMB,Aruba Instant On 1960 Switches,fixed,a00118137enw,current,base; 48G 2XGT 2SFP+
JL809A,Aruba IO 1960,SMB,Aruba Instant On 1960 Switches,fixed,a00118137enw,current,PoE; 48G PoE 2XGT 2SFP+ 600W
S0F35A,Aruba IO 1960,SMB,Aruba Instant On 1960 Switches,fixed,a00118137enw,current,PoE-multigig; 8p 1G CL4 4p SR2.5G CL6 PoE 2p10GBT 2p SFP+ 480W
JG896A,HPE FlexFabric 5700,Comware-FlexFabric,HPE FlexFabric 5700 Switches,fixed,c04347352,EoS-2020,base; 40XG 2QSFP+ ToR
JG894A,HPE FlexFabric 5700,Comware-FlexFabric,HPE FlexFabric 5700 Switches,fixed,c04347352,EoS-2020,base; 48G 4XG 2QSFP+
JG898A,HPE FlexFabric 5700,Comware-FlexFabric,HPE FlexFabric 5700 Switches,fixed,c04347352,EoS-2020,base; 32XGT 8XG 2QSFP+
JG510A,HPE FlexFabric 5900,Comware-FlexFabric,HPE FlexFabric 5900 Switches,fixed,c04111469,EoS-2022,base; 5900AF 48G 4XG 2QSFP+
JL864A,HPE FlexFabric 5900,Comware-FlexFabric,HPE FlexFabric 5900 Switches,fixed,c04111469,current,base; 5901AF 48G 4XG 2QSFP+
JH390A,HPE FlexFabric 5940,Comware-FlexFabric,HPE FlexFabric 5940 Switches,fixed,c05158726,current(ZU_VERIFIZIEREN EoS),base; 48SFP+ 6QSFP28
JH391A,HPE FlexFabric 5940,Comware-FlexFabric,HPE FlexFabric 5940 Switches,fixed,c05158726,current(ZU_VERIFIZIEREN EoS),base; 48XGT 6QSFP28
JH394A,HPE FlexFabric 5940,Comware-FlexFabric,HPE FlexFabric 5940 Switches,fixed,c05158726,"ZU_VERIFIZIEREN(orig-EoS 2019-10, superseded)",base; 48XGT 6QSFP+
JH395A,HPE FlexFabric 5940,Comware-FlexFabric,HPE FlexFabric 5940 Switches,fixed,c05158726,"ZU_VERIFIZIEREN(orig-EoS 2019-10, superseded)",base; 48SFP+ 6QSFP+
JH396A,HPE FlexFabric 5940,Comware-FlexFabric,HPE FlexFabric 5940 Switches,fixed,c05158726,EoS-2020-03-31,base; 32QSFP+
JG932A,HPE FlexNetwork 5130 EI,FlexNetwork,HPE FlexNetwork 5130 EI Switches,fixed,c04394228,EoS-2022,base; 24G 4SFP+
JG933A,HPE FlexNetwork 5130 EI,FlexNetwork,HPE FlexNetwork 5130 EI Switches,fixed,c04394228,EoS-2022,base; 24G SFP 4SFP+
JG934A,HPE FlexNetwork 5130 EI,FlexNetwork,HPE FlexNetwork 5130 EI Switches,fixed,c04394228,EoS-2022,base; 48G 4SFP+
JG936A,HPE FlexNetwork 5130 EI,FlexNetwork,HPE FlexNetwork 5130 EI Switches,fixed,c04394228,EoS-2022,PoE+; 24G PoE+ 4SFP+ 370W
JG937A,HPE FlexNetwork 5130 EI,FlexNetwork,HPE FlexNetwork 5130 EI Switches,fixed,c04394228,EoS-2022,PoE+; 48G PoE+ 4SFP+ 370W
JG940A,HPE FlexNetwork 5130 EI,FlexNetwork,HPE FlexNetwork 5130 EI Switches,fixed,c04394228,EoS-2022,PoE+; 24G PoE+ 2SFP+ 2XGT 370W
JG941A,HPE FlexNetwork 5130 EI,FlexNetwork,HPE FlexNetwork 5130 EI Switches,fixed,c04394228,EoS-2022,PoE+; 48G PoE+ 2SFP+ 2XGT 370W
JH323A,HPE FlexNetwork 5130 HI,FlexNetwork,HPE FlexNetwork 5130 HI Switches,fixed,c04843026,EoS-2022,base; 24G 4SFP+ 1-slot
JH324A,HPE FlexNetwork 5130 HI,FlexNetwork,HPE FlexNetwork 5130 HI Switches,fixed,c04843026,EoS-2022,base; 48G 4SFP+ 1-slot
JH325A,HPE FlexNetwork 5130 HI,FlexNetwork,HPE FlexNetwork 5130 HI Switches,fixed,c04843026,EoS-2022,PoE+; 24G PoE+ 4SFP+ 1-slot
JH326A,HPE FlexNetwork 5130 HI,FlexNetwork,HPE FlexNetwork 5130 HI Switches,fixed,c04843026,EoS-2022,PoE+; 48G PoE+ 4SFP+ 1-slot
JH145A,HPE FlexNetwork 5510 HI,FlexNetwork,HPE FlexNetwork 5510 HI Switches,fixed,c04843027,EoS-2022,base; 24G 4SFP+ 1-slot
JH146A,HPE FlexNetwork 5510 HI,FlexNetwork,HPE FlexNetwork 5510 HI Switches,fixed,c04843027,EoS-2022,base; 48G 4SFP+ 1-slot
JH147A,HPE FlexNetwork 5510 HI,FlexNetwork,HPE FlexNetwork 5510 HI Switches,fixed,c04843027,EoS-2022,PoE+; 24G PoE+ 4SFP+ 1-slot
JH148A,HPE FlexNetwork 5510 HI,FlexNetwork,HPE FlexNetwork 5510 HI Switches,fixed,c04843027,EoS-2022,PoE+; 48G PoE+ 4SFP+ 1-slot
JH149A,HPE FlexNetwork 5510 HI,FlexNetwork,HPE FlexNetwork 5510 HI Switches,fixed,c04843027,EoS-2022,base; 24G SFP 4SFP+ 1-slot
JL479A,Aruba CX 8320,CX,Aruba CX 8320 Switches,fixed,a00036440enw,ZU_VERIFIZIEREN,bundle-FtB-AC; 48p 10G SFP+ 6p 40G QSFP+
JL579A,Aruba CX 8320,CX,Aruba CX 8320 Switches,fixed,a00036440enw,ZU_VERIFIZIEREN,bundle-FtB-AC; 32p 40G QSFP+
JL581A,Aruba CX 8320,CX,Aruba CX 8320 Switches,fixed,a00036440enw,ZU_VERIFIZIEREN,bundle-FtB-AC; 48p 1G/10GBASE-T 6p 40G QSFP+
JL624A,Aruba CX 8325,CX,Aruba CX 8325 Switches,fixed,a00059009enw,current,bundle-FtB-AC; 8325-48Y8C
JL625A,Aruba CX 8325,CX,Aruba CX 8325 Switches,fixed,a00059009enw,current,bundle-BtF-AC; 8325-48Y8C
JL626A,Aruba CX 8325,CX,Aruba CX 8325 Switches,fixed,a00059009enw,current,bundle-FtB-AC; 8325-32C
JL627A,Aruba CX 8325,CX,Aruba CX 8325 Switches,fixed,a00059009enw,current,bundle-BtF-AC; 8325-32C
JL635A,Aruba CX 8325,CX,Aruba CX 8325 Switches,fixed,a00059009enw,current,base-component; 8325-48Y8C base (component-only in DS)
JL636A,Aruba CX 8325,CX,Aruba CX 8325 Switches,fixed,a00059009enw,current,base-component; 8325-32C base (component-only in DS)
JL700C,Aruba CX 8360,CX,Aruba CX 8360 Switches,fixed,a50002121enw,current,bundle-FtB-AC; 8360-32Y4C v2
JL701C,Aruba CX 8360,CX,Aruba CX 8360 Switches,fixed,a50002121enw,current,bundle-BtF-AC; 8360-32Y4C v2
JL702C,Aruba CX 8360,CX,Aruba CX 8360 Switches,fixed,a50002121enw,current,bundle-FtB-AC; 8360-16Y2C v2
JL703C,Aruba CX 8360,CX,Aruba CX 8360 Switches,fixed,a50002121enw,current,bundle-BtF-AC; 8360-16Y2C v2
JL704C,Aruba CX 8360,CX,Aruba CX 8360 Switches,fixed,a50002121enw,current,bundle-FtB-AC; 8360-48Y6C v2
JL705C,Aruba CX 8360,CX,Aruba CX 8360 Switches,fixed,a50002121enw,current,bundle-BtF-AC; 8360-48Y6C v2
JL706C,Aruba CX 8360,CX,Aruba CX 8360 Switches,fixed,a50002121enw,current,bundle-FtB-AC; 8360-48XT4C v2
JL707C,Aruba CX 8360,CX,Aruba CX 8360 Switches,fixed,a50002121enw,current,bundle-BtF-AC; 8360-48XT4C v2
JL708C,Aruba CX 8360,CX,Aruba CX 8360 Switches,fixed,a50002121enw,current,bundle-FtB-AC; 8360-12C v2
JL709C,Aruba CX 8360,CX,Aruba CX 8360 Switches,fixed,a50002121enw,current,bundle-BtF-AC; 8360-12C v2
JL710C,Aruba CX 8360,CX,Aruba CX 8360 Switches,fixed,a50002121enw,current,bundle-FtB-AC; 8360-24XF2C v2
JL711C,Aruba CX 8360,CX,Aruba CX 8360 Switches,fixed,a50002121enw,current,bundle-BtF-AC; 8360-24XF2C v2
JL717C,Aruba CX 8360,CX,Aruba CX 8360 Switches,fixed,a50002121enw,current,base-spare; 8360-32Y4C v2
JL718C,Aruba CX 8360,CX,Aruba CX 8360 Switches,fixed,a50002121enw,current,base-spare; 8360-16Y2C v2
JL719C,Aruba CX 8360,CX,Aruba CX 8360 Switches,fixed,a50002121enw,current,base-spare; 8360-48Y6C v2
JL720C,Aruba CX 8360,CX,Aruba CX 8360 Switches,fixed,a50002121enw,current,base-spare; 8360-48XT4C v2
JL721C,Aruba CX 8360,CX,Aruba CX 8360 Switches,fixed,a50002121enw,current,base-spare; 8360-12C v2
JL722C,Aruba CX 8360,CX,Aruba CX 8360 Switches,fixed,a50002121enw,current,base-spare; 8360-24XF2C v2
R9W86A,Aruba CX 8100,CX,Aruba CX 8100 Switches,fixed,a00131340enw,current,bundle-FtB-AC; 8100-24XF4C
R9W87A,Aruba CX 8100,CX,Aruba CX 8100 Switches,fixed,a00131340enw,current,bundle-BtF-AC; 8100-24XF4C
R9W88A,Aruba CX 8100,CX,Aruba CX 8100 Switches,fixed,a00131340enw,current,bundle-FtB-AC; 8100-24XT4XF4C
R9W89A,Aruba CX 8100,CX,Aruba CX 8100 Switches,fixed,a00131340enw,current,bundle-BtF-AC; 8100-24XT4XF4C
R9W90A,Aruba CX 8100,CX,Aruba CX 8100 Switches,fixed,a00131340enw,current,bundle-FtB-AC; 8100-48XF4C
R9W91A,Aruba CX 8100,CX,Aruba CX 8100 Switches,fixed,a00131340enw,current,bundle-BtF-AC; 8100-48XF4C
R9W92A,Aruba CX 8100,CX,Aruba CX 8100 Switches,fixed,a00131340enw,current,bundle-FtB-AC; 8100-40XT8XF4C
R9W93A,Aruba CX 8100,CX,Aruba CX 8100 Switches,fixed,a00131340enw,current,bundle-BtF-AC; 8100-40XT8XF4C
R9W94A,Aruba CX 8100,CX,Aruba CX 8100 Switches,fixed,a00131340enw,current,base-spare; 8100-24XF4C
R9W95A,Aruba CX 8100,CX,Aruba CX 8100 Switches,fixed,a00131340enw,current,base-spare; 8100-24XT4XF4C
R9W96A,Aruba CX 8100,CX,Aruba CX 8100 Switches,fixed,a00131340enw,current,base-spare; 8100-48XF4C
R9W97A,Aruba CX 8100,CX,Aruba CX 8100 Switches,fixed,a00131340enw,current,base-spare; 8100-40XT8XF4C
R8Z96A,Aruba CX 9300,CX,Aruba CX 9300 Switches,fixed,CX9300-DS-2025,current,base; 9300-32D 32p 100/200/400G QSFP-DD 2p10G
R9A29A,Aruba CX 9300,CX,Aruba CX 9300 Switches,fixed,CX9300-DS-2025,current,bundle-FtB-AC; +6 fan 2 AC
R9A30A,Aruba CX 9300,CX,Aruba CX 9300 Switches,fixed,CX9300-DS-2025,current,bundle-BtF-AC; +6 fan 2 AC
S0F96A,Aruba CX 9300S,CX,Aruba CX 9300S Switches,fixed,CX9300-DS-2025,current,base; 9300S non-TAA
S0F95A,Aruba CX 9300S,CX,Aruba CX 9300S Switches,fixed,CX9300-DS-2025,current,base-TAA; 9300S TAA
S0F82A,Aruba CX 9300S,CX,Aruba CX 9300S Switches,fixed,CX9300-DS-2025,current,bundle-FtB-AC; 
S0F84A,Aruba CX 9300S,CX,Aruba CX 9300S Switches,fixed,CX9300-DS-2025,current,bundle-BtF-AC; 
S0F88A,Aruba CX 9300S,CX,Aruba CX 9300S Switches,fixed,CX9300-DS-2025,current,bundle-BtF-DC; 
S0F81A,Aruba CX 9300S,CX,Aruba CX 9300S Switches,fixed,CX9300-DS-2025,current,bundle-FtB-AC-TAA; 
S0F83A,Aruba CX 9300S,CX,Aruba CX 9300S Switches,fixed,CX9300-DS-2025,current,bundle-BtF-AC-TAA; 
S0F87A,Aruba CX 9300S,CX,Aruba CX 9300S Switches,fixed,CX9300-DS-2025,current,bundle-BtF-DC-TAA; 
R8P13A,Aruba CX 10000,CX,Aruba CX 10000 Switches,fixed,a00119682enw,current,bundle-FtB-AC; 10000-48Y6C DSS (DPU)
R8P14A,Aruba CX 10000,CX,Aruba CX 10000 Switches,fixed,a00119682enw,current,bundle-BtF-AC; 10000-48Y6C DSS
S0F97A,Aruba CX 10000,CX,Aruba CX 10000 Switches,fixed,a00119682enw,current,bundle-FtB-AC-TAA; 10000-48Y6C TAA
S0F98A,Aruba CX 10000,CX,Aruba CX 10000 Switches,fixed,a00119682enw,current,bundle-BtF-AC-TAA; 10000-48Y6C TAA
J9772A,Aruba 2530,ArubaOS-Switch,Aruba 2530 Switches,fixed,c04111414,EoS-2021-10-31,base; 48G PoE+ 4SFP
J9773A,Aruba 2530,ArubaOS-Switch,Aruba 2530 Switches,fixed,c04111414,EoS-2021-10-31,base; 24G PoE+ 4SFP
J9775A,Aruba 2530,ArubaOS-Switch,Aruba 2530 Switches,fixed,c04111414,EoS-2021-10-31,base; 48G 4SFP
J9776A,Aruba 2530,ArubaOS-Switch,Aruba 2530 Switches,fixed,c04111414,EoS-2021-10-31,base; 24G 4SFP
J9774A,Aruba 2530,ArubaOS-Switch,Aruba 2530 Switches,fixed,c04111414,EoS-2021-05-31,base; 8G PoE+ 2 dual-pers
J9777A,Aruba 2530,ArubaOS-Switch,Aruba 2530 Switches,fixed,c04111414,EoS-2021-05-31,base; 8G 2 dual-pers
JL354A,Aruba 2540,ArubaOS-Switch,Aruba 2540 Switches,fixed,c05278966,EoS-2021-10-31,base; 24G 4SFP+
JL355A,Aruba 2540,ArubaOS-Switch,Aruba 2540 Switches,fixed,c05278966,EoS-2021-10-31,base; 48G 4SFP+
JL356A,Aruba 2540,ArubaOS-Switch,Aruba 2540 Switches,fixed,c05278966,EoS-2021-10-31,base; 24G PoE+ 4SFP+
JL357A,Aruba 2540,ArubaOS-Switch,Aruba 2540 Switches,fixed,c05278966,EoS-2021-10-31,base; 48G PoE+ 4SFP+
JL253A,Aruba 2930F,ArubaOS-Switch,Aruba 2930F Switches,fixed,c05052929,current,base; 24G 4SFP+
JL254A,Aruba 2930F,ArubaOS-Switch,Aruba 2930F Switches,fixed,c05052929,current,base; 48G 4SFP+
JL255A,Aruba 2930F,ArubaOS-Switch,Aruba 2930F Switches,fixed,c05052929,current,base; 24G PoE+ 4SFP+
JL256A,Aruba 2930F,ArubaOS-Switch,Aruba 2930F Switches,fixed,c05052929,current,base; 48G PoE+ 4SFP+
JL258A,Aruba 2930F,ArubaOS-Switch,Aruba 2930F Switches,fixed,c05052929,EoS-2023-09-30,base; 8G PoE+ 2SFP+
JL259A,Aruba 2930F,ArubaOS-Switch,Aruba 2930F Switches,fixed,c05052929,current,base; 24G 4SFP
JL260A,Aruba 2930F,ArubaOS-Switch,Aruba 2930F Switches,fixed,c05052929,current,base; 48G 4SFP
JL261A,Aruba 2930F,ArubaOS-Switch,Aruba 2930F Switches,fixed,c05052929,current,base; 24G PoE+ 4SFP
JL262A,Aruba 2930F,ArubaOS-Switch,Aruba 2930F Switches,fixed,c05052929,current,base; 48G PoE+ 4SFP
JL263A,Aruba 2930F,ArubaOS-Switch,Aruba 2930F Switches,fixed,c05052929,current,TAA; 24G PoE+ 4SFP+ TAA
JL264A,Aruba 2930F,ArubaOS-Switch,Aruba 2930F Switches,fixed,c05052929,current,TAA; 48G PoE+ 4SFP+ TAA
JL311A,Aruba 2930F,ArubaOS-Switch,Aruba 2930F Switches,fixed,c05052929,current,base; 48G PoE+ 4SFP 740W
JL312A,Aruba 2930F,ArubaOS-Switch,Aruba 2930F Switches,fixed,c05052929,current,base; 48G PoE+ 4SFP+ 740W
JL557A,Aruba 2930F,ArubaOS-Switch,Aruba 2930F Switches,fixed,c05052929,current,TAA; 24G PoE+ 4SFP+ TAA
JL558A,Aruba 2930F,ArubaOS-Switch,Aruba 2930F Switches,fixed,c05052929,current,TAA; 48G PoE+ 4SFP+ TAA
JL559A,Aruba 2930F,ArubaOS-Switch,Aruba 2930F Switches,fixed,c05052929,current,TAA; 48G PoE+ 4SFP+ 740W TAA
JL319A,Aruba 2930M,ArubaOS-Switch,Aruba 2930M Switches,fixed,a00004551enw,current,base; 24G 1-slot
JL320A,Aruba 2930M,ArubaOS-Switch,Aruba 2930M Switches,fixed,a00004551enw,current,base; 24G PoE+ 1-slot
JL321A,Aruba 2930M,ArubaOS-Switch,Aruba 2930M Switches,fixed,a00004551enw,current,base; 48G 1-slot
JL322A,Aruba 2930M,ArubaOS-Switch,Aruba 2930M Switches,fixed,a00004551enw,current,base; 48G PoE+ 1-slot
JL323A,Aruba 2930M,ArubaOS-Switch,Aruba 2930M Switches,fixed,a00004551enw,current,base; 40G 8 SmartRate PoE+ 1-slot
JL324A,Aruba 2930M,ArubaOS-Switch,Aruba 2930M Switches,fixed,a00004551enw,current,base; 24 SmartRate PoE+ 1-slot
R0M67A,Aruba 2930M,ArubaOS-Switch,Aruba 2930M Switches,fixed,a00004551enw,current,base; 40G 8 SmartRate PoE Cls6 1-slot
R0M68A,Aruba 2930M,ArubaOS-Switch,Aruba 2930M Switches,fixed,a00004551enw,current,base; 24 SmartRate PoE Cls6 1-slot
JL071A,Aruba 3810M,ArubaOS-Switch,Aruba 3810M Switches,fixed,a00004551enw,EoS-2025-01-31,base; 24G 1-slot
JL072A,Aruba 3810M,ArubaOS-Switch,Aruba 3810M Switches,fixed,a00004551enw,EoS-2025-01-31,base; 48G 1-slot
JL073A,Aruba 3810M,ArubaOS-Switch,Aruba 3810M Switches,fixed,a00004551enw,EoS-2025-01-31,base; 24G PoE+ 1-slot
JL074A,Aruba 3810M,ArubaOS-Switch,Aruba 3810M Switches,fixed,a00004551enw,EoS-2025-01-31,base; 48G PoE+ 1-slot
JL075A,Aruba 3810M,ArubaOS-Switch,Aruba 3810M Switches,fixed,a00004551enw,EoS-2025-01-31,base; 16SFP+ 2-slot
JL076A,Aruba 3810M,ArubaOS-Switch,Aruba 3810M Switches,fixed,a00004551enw,EoS-2025-01-31,base; 40G 8 SmartRate PoE+ 1-slot
JL428A,Aruba 3810M,ArubaOS-Switch,Aruba 3810M Switches,fixed,a00004551enw,EoS-2025-01-31,config-bundle; 48G PoE+ 4SFP+ 680W (bundle - operator ruling include/exclude)
JL429A,Aruba 3810M,ArubaOS-Switch,Aruba 3810M Switches,fixed,a00004551enw,EoS-2025-01-31,config-bundle; 48G PoE+ 4SFP+ 1050W (bundle)
JL430A,Aruba 3810M,ArubaOS-Switch,Aruba 3810M Switches,fixed,a00004551enw,EoS-2025-01-31,config-bundle; 24SFP+ 250W (bundle)
J9565A,Aruba 2615,ArubaOS-Switch,HPE 2615 Switches,fixed,kmpmoid-4219919,EoS-2018-10-31,base; 8 FE PoE+2 dual (ProCurve)
J9623A,HP 2620,ArubaOS-Switch,HPE 2620 Switches,fixed,c04111491,EoS-2018-10/2019-06,base; 24 FE
J9624A,HP 2620,ArubaOS-Switch,HPE 2620 Switches,fixed,c04111491,EoS-2018-10/2019-06,base; 24 FE PPoE+
J9625A,HP 2620,ArubaOS-Switch,HPE 2620 Switches,fixed,c04111491,EoS-2018-10/2019-06,base; 24 FE PoE+
J9626A,HP 2620,ArubaOS-Switch,HPE 2620 Switches,fixed,c04111491,EoS-2018-10/2019-06,base; 48 FE
J9627A,HP 2620,ArubaOS-Switch,HPE 2620 Switches,fixed,c04111491,EoS-2018-10/2019-06,base; 48 FE PoE+
J9562A,HP 2915,ArubaOS-Switch,HPE 2915 Switches,fixed,kmpmoid-4219915,EoS-2018-03-31,base; 8G PoE (ProCurve)
J9726A,Aruba 2920,ArubaOS-Switch,Aruba 2920 Switches,fixed,c04111401,EoS-2018,base; 24G
J9727A,Aruba 2920,ArubaOS-Switch,Aruba 2920 Switches,fixed,c04111401,EoS-2018,base; 24G PoE+
J9728A,Aruba 2920,ArubaOS-Switch,Aruba 2920 Switches,fixed,c04111401,EoS-2018,base; 48G
J9729A,Aruba 2920,ArubaOS-Switch,Aruba 2920 Switches,fixed,c04111401,EoS-2018,base; 48G PoE+
J9836A,Aruba 2920,ArubaOS-Switch,Aruba 2920 Switches,fixed,c04111401,EoS-2018,base; 48G PoE+ 740W
J9470A,Aruba 3500,ArubaOS-Switch,HPE 3500 Switches,fixed,c01813146,EoS-2014-06-30,base; 3500-24
J9471A,Aruba 3500,ArubaOS-Switch,HPE 3500 Switches,fixed,c01813146,EoS-2014-06-30,base; 3500-24-PoE
J9472A,Aruba 3500,ArubaOS-Switch,HPE 3500 Switches,fixed,c01813146,EoS-2014-06-30,base; 3500-48
J9473A,Aruba 3500,ArubaOS-Switch,HPE 3500 Switches,fixed,c01813146,EoS-2014-06-30,base; 3500-48-PoE
J8692A,Aruba 3500yl,ArubaOS-Switch,HPE 3500 Switches,fixed,c01813146,EoS-2014-06-30,base; 3500-24G-PoE yl
J8693A,Aruba 3500yl,ArubaOS-Switch,HPE 3500 Switches,fixed,c01813146,EoS-2014-06-30,base; 3500-48G-PoE yl
J9310A,Aruba 3500yl,ArubaOS-Switch,HPE 3500 Switches,fixed,c01813146,EoS-2014-06-30,base; 3500-24G-PoE+ yl
J9311A,Aruba 3500yl,ArubaOS-Switch,HPE 3500 Switches,fixed,c01813146,EoS-2014-06-30,base; 3500-48G-PoE+ yl
J9778A,Aruba 2530,ArubaOS-Switch,Aruba 2530 Switches,fixed,c04111414,EoS-undated(FE),base; 48 FE PoE+
J9779A,Aruba 2530,ArubaOS-Switch,Aruba 2530 Switches,fixed,c04111414,EoS-undated(FE),base; 24 FE PoE+
J9780A,Aruba 2530,ArubaOS-Switch,Aruba 2530 Switches,fixed,c04111414,EoS-undated(FE),base; 8 FE PoE+
J9781A,Aruba 2530,ArubaOS-Switch,Aruba 2530 Switches,fixed,c04111414,EoS-undated(FE),base; 48 FE
J9782A,Aruba 2530,ArubaOS-Switch,Aruba 2530 Switches,fixed,c04111414,EoS-undated(FE),base; 24 FE
J9783A,Aruba 2530,ArubaOS-Switch,Aruba 2530 Switches,fixed,c04111414,EoS-undated(FE),base; 8 FE
JL070A,Aruba 2530,ArubaOS-Switch,Aruba 2530 Switches,fixed,c04111414,EoS-undated(FE),base; 8 PoE+ Internal PS
J9853A,Aruba 2530,ArubaOS-Switch,Aruba 2530 Switches,fixed,c04111414,EoS-2017-09-30,base; 48G PoE+ 2SFP+
J9854A,Aruba 2530,ArubaOS-Switch,Aruba 2530 Switches,fixed,c04111414,EoS-2017-09-30,base; 24G PoE+ 2SFP+
J9855A,Aruba 2530,ArubaOS-Switch,Aruba 2530 Switches,fixed,c04111414,EoS-2017-09-30,base; 48G 2SFP+
J9856A,Aruba 2530,ArubaOS-Switch,Aruba 2530 Switches,fixed,c04111414,EoS-2017-09-30,base; 24G 2SFP+
JC099B,HPE FlexFabric 5800,Comware-FlexFabric,HPE FlexFabric 5800 Switches,fixed,c04111584,EoS-2018,base; 24G PoE+
JC100B,HPE FlexFabric 5800,Comware-FlexFabric,HPE FlexFabric 5800 Switches,fixed,c04111584,EoS-2018-01-31,base; 24G
JC101B,HPE FlexFabric 5800,Comware-FlexFabric,HPE FlexFabric 5800 Switches,fixed,c04111584,EoS-2018,base; 48G PoE+ 2-slot
JC103B,HPE FlexFabric 5800,Comware-FlexFabric,HPE FlexFabric 5800 Switches,fixed,c04111584,EoS-2018-12-31,base; 24G SFP 1-slot
JC104B,HPE FlexFabric 5800,Comware-FlexFabric,HPE FlexFabric 5800 Switches,fixed,c04111584,EoS-2018,base; 48G PoE+ 1-slot
JC105B,HPE FlexFabric 5800,Comware-FlexFabric,HPE FlexFabric 5800 Switches,fixed,c04111584,EoS-2018-12-31,base; 48G 1-slot
JG225B,HPE FlexFabric 5800,Comware-FlexFabric,HPE FlexFabric 5800 Switches,fixed,c04111584,EoS-2018,base; 5800AF 48G
JG726A,HPE FlexFabric 5930,Comware-FlexFabric,HPE FlexFabric 5930 Switches,fixed,c04111326,EoS-2018-11-30,base; 32QSFP+ fixed
JH178A,HPE FlexFabric 5930,Comware-FlexFabric,HPE FlexFabric 5930 Switches,chassis,c04111326,EoS-2018,chassis-2slot; 2-slot modular
JH179A,HPE FlexFabric 5930,Comware-FlexFabric,HPE FlexFabric 5930 Switches,chassis,c04111326,EoS-2018,chassis-4slot; 4-slot modular
JH397A,HPE FlexFabric 5940,Comware-FlexFabric,HPE FlexFabric 5940 Switches,chassis,c05158726,EoS-2020-03-31,chassis-2slot; 2-slot modular
JH398A,HPE FlexFabric 5940,Comware-FlexFabric,HPE FlexFabric 5940 Switches,chassis,c05158726,EoS-2020-04-30,chassis-4slot; 4-slot modular
JG309B,HPE FlexNetwork 5120 SI,FlexNetwork,HPE FlexNetwork 5120 SI Switches,fixed,c04111588,EoS-2018-10-31,base; 8G PoE+ 180W
JG310B,HPE FlexNetwork 5120 SI,FlexNetwork,HPE FlexNetwork 5120 SI Switches,fixed,c04111588,EoS-2019-06-30,base; 8G PoE+ 65W
JE072B,HPE FlexNetwork 5120 SI,FlexNetwork,HPE FlexNetwork 5120 SI Switches,fixed,c04111588,EoS-2018,base; 48G
JE073B,HPE FlexNetwork 5120 SI,FlexNetwork,HPE FlexNetwork 5120 SI Switches,fixed,c04111588,EoS-2018-12-31,base; 16G
JE074B,HPE FlexNetwork 5120 SI,FlexNetwork,HPE FlexNetwork 5120 SI Switches,fixed,c04111588,EoS-2018-12-31,base; 24G
JG091B,HPE FlexNetwork 5120 SI,FlexNetwork,HPE FlexNetwork 5120 SI Switches,fixed,c04111588,EoS-2018,base; 24G PoE+ 370W
JD374A,HPE FlexNetwork 5500 EI,FlexNetwork,HPE FlexNetwork 5500 EI Switches,fixed,c04111661,EoS-pre2020,base; 24G-SFP 2slot
JD375A,HPE FlexNetwork 5500 EI,FlexNetwork,HPE FlexNetwork 5500 EI Switches,fixed,c04111661,EoS-pre2020,base; 48G 2slot
JD377A,HPE FlexNetwork 5500 EI,FlexNetwork,HPE FlexNetwork 5500 EI Switches,fixed,c04111661,EoS-pre2020,base; 24G 2slot
JG240A,HPE FlexNetwork 5500 EI,FlexNetwork,HPE FlexNetwork 5500 EI Switches,fixed,c04111661,EoS-pre2020,base; 48G-PoE+ 2slot
JG241A,HPE FlexNetwork 5500 EI,FlexNetwork,HPE FlexNetwork 5500 EI Switches,fixed,c04111661,EoS-pre2020,base; 24G-PoE+ 2slot
JG311A,HPE FlexNetwork 5500 HI,FlexNetwork,HPE FlexNetwork 5500 HI Switches,fixed,c04111542,EoS-pre2020,base; 24G-4SFP
JG312A,HPE FlexNetwork 5500 HI,FlexNetwork,HPE FlexNetwork 5500 HI Switches,fixed,c04111542,EoS-pre2020,base; 48G-4SFP
JG541A,HPE FlexNetwork 5500 HI,FlexNetwork,HPE FlexNetwork 5500 HI Switches,fixed,c04111542,EoS-pre2020,base; 24G-PoE+-4SFP
JG542A,HPE FlexNetwork 5500 HI,FlexNetwork,HPE FlexNetwork 5500 HI Switches,fixed,c04111542,EoS-2018-03-31,base; 48G-PoE+-4SFP
JG543A,HPE FlexNetwork 5500 HI,FlexNetwork,HPE FlexNetwork 5500 HI Switches,fixed,c04111542,EoS-pre2020,base; 24G-SFP
JG938A,HPE FlexNetwork 5130 EI,FlexNetwork,HPE FlexNetwork 5130 EI Switches,fixed,c04394228,EoS-2019-01-31,base; 24G 2SFP+ 2XGT EI
JG939A,HPE FlexNetwork 5130 EI,FlexNetwork,HPE FlexNetwork 5130 EI Switches,fixed,c04394228,EoS-2019-01-31,base; 48G 2SFP+ 2XGT EI
R0X26A,Aruba CX 6400,CX,Aruba CX 6400 Switches,chassis,a00085158ENW,current,chassis; 6405 5-slot
R0X26C,Aruba CX 6400,CX,Aruba CX 6400 Switches,chassis,a00085158ENW,current,chassis; 6405 v2
R0X27A,Aruba CX 6400,CX,Aruba CX 6400 Switches,chassis,a00085158ENW,current,chassis; 6410 10-slot
R0X27C,Aruba CX 6400,CX,Aruba CX 6400 Switches,chassis,a00085158ENW,current,chassis; 6410 v2
R0X29A,Aruba CX 6400,CX,Aruba CX 6400 Switches,chassis,a00085158ENW,current,chassis; 6405 96G PoE bundle
JL741A,Aruba CX 6400,CX,Aruba CX 6400 Switches,chassis,a00085158ENW,current,chassis; 6410 96G PoE bundle
R0X30A,Aruba CX 6400,CX,Aruba CX 6400 Switches,chassis,a00085158ENW,current,chassis; 6405 48SFP+ 8SFP56 bundle
JL375A,Aruba CX 8400,CX,Aruba CX 8400 Switches,chassis,a00017758enw,current,chassis; 8-slot chassis
JL376A,Aruba CX 8400,CX,Aruba CX 8400 Switches,chassis,a00017758enw,current,chassis; 8-slot chassis bundle
J9821A,Aruba 5400R zl2,ArubaOS-Switch,Aruba 5400R zl2 Switches,chassis,c04293383,current,chassis; 5406R 6-slot
J9822A,Aruba 5400R zl2,ArubaOS-Switch,Aruba 5400R zl2 Switches,chassis,c04293383,current,chassis; 5412R 12-slot
J9823A,Aruba 5400R zl2,ArubaOS-Switch,Aruba 5400R zl2 Switches,chassis,c04293383,current,chassis; 5406R-44G-PoE+ v2
J9824A,Aruba 5400R zl2,ArubaOS-Switch,Aruba 5400R zl2 Switches,chassis,c04293383,current,chassis; 5406R-44G-PoE+/4SFP v2
J9825A,Aruba 5400R zl2,ArubaOS-Switch,Aruba 5400R zl2 Switches,chassis,c04293383,current,chassis; 5412R-92G-PoE+ v2
J9868A,Aruba 5400R zl2,ArubaOS-Switch,Aruba 5400R zl2 Switches,chassis,c04293383,current,chassis; 5406R-8XGT/8SFP+ v2
JL001A,Aruba 5400R zl2,ArubaOS-Switch,Aruba 5400R zl2 Switches,chassis,c04293383,current,chassis; 5412R 92GT PoE+ v3
JL002A,Aruba 5400R zl2,ArubaOS-Switch,Aruba 5400R zl2 Switches,chassis,c04293383,current,chassis; 5406R 8 SR PoE+/8SFP+ v3
JL003A,Aruba 5400R zl2,ArubaOS-Switch,Aruba 5400R zl2 Switches,chassis,c04293383,current,chassis; 5406R 44GT PoE+ v3
JL095A,Aruba 5400R zl2,ArubaOS-Switch,Aruba 5400R zl2 Switches,chassis,c04293383,current,chassis; 5406R 16 SFP+ v3
JC611A,HPE FlexNetwork 10500,FlexNetwork,HPE FlexNetwork 10500 Switches,chassis,c04212581,current,chassis; 10508-V 8-slot vertical
JC612A,HPE FlexNetwork 10500,FlexNetwork,HPE FlexNetwork 10500 Switches,chassis,c04212581,current,chassis; 10508 8-slot
JC613A,HPE FlexNetwork 10500,FlexNetwork,HPE FlexNetwork 10500 Switches,chassis,c04212581,current,chassis; 10504 4-slot
JC748A,HPE FlexNetwork 10500,FlexNetwork,HPE FlexNetwork 10500 Switches,chassis,c04212581,current,chassis; 10512 12-slot
J9559A,HPE OfficeConnect 1410,SMB,HPE OfficeConnect 1410 Switches,fixed,c04164469,EOL,8G unmanaged
J9560A,HPE OfficeConnect 1410,SMB,HPE OfficeConnect 1410 Switches,fixed,c04164469,EOL,16G
JG708A,HPE OfficeConnect 1410,SMB,HPE OfficeConnect 1410 Switches,fixed,c04164469,EOL,24G-R rack
J9561A,HPE OfficeConnect 1410,SMB,HPE OfficeConnect 1410 Switches,fixed,c04164469,EOL,24G 2 dual SFP
J9661A,HPE OfficeConnect 1410,SMB,HPE OfficeConnect 1410 Switches,fixed,c04164469,EOL,8 FE
J9662A,HPE OfficeConnect 1410,SMB,HPE OfficeConnect 1410 Switches,fixed,c04164469,EOL,16 FE
J9663A,HPE OfficeConnect 1410,SMB,HPE OfficeConnect 1410 Switches,fixed,c04164469,EOL,24 FE
JD986B,HPE OfficeConnect 1410,SMB,HPE OfficeConnect 1410 Switches,fixed,c04164469,EOL,24-R FE rack
J9664A,HPE OfficeConnect 1410,SMB,HPE OfficeConnect 1410 Switches,fixed,c04164469,EOL,24-2G FE+2GbE
JG912A,HPE OfficeConnect 1620,SMB,HPE OfficeConnect 1620 Switches,fixed,c04474819,EOL,8G smart
JG913A,HPE OfficeConnect 1620,SMB,HPE OfficeConnect 1620 Switches,fixed,c04474819,EOL,24G
JG914A,HPE OfficeConnect 1620,SMB,HPE OfficeConnect 1620 Switches,fixed,c04474819,EOL,48G
J9449A,HP V1810 v1,SMB,HPE OfficeConnect 1810 Switches,fixed,c02500478,EOL,V1810-8G v1
J9450A,HP V1810 v1,SMB,HPE OfficeConnect 1810 Switches,fixed,c02500478,EOL,V1810-24G v1
J9660A,HP V1810 v1,SMB,HPE OfficeConnect 1810 Switches,fixed,c02500478,EOL,V1810-48G v1
J9800A,HPE 1810 v2,SMB,HPE OfficeConnect 1810 Switches,fixed,c04164471,EOL,1810 8 v2 FE
J9801A,HPE 1810 v2,SMB,HPE OfficeConnect 1810 Switches,fixed,c04164471,EOL,1810 24 v2 FE
J9802A,HPE 1810 v2,SMB,HPE OfficeConnect 1810 Switches,fixed,c04164471,EOL,1810-8G v2
J9803A,HPE 1810 v2,SMB,HPE OfficeConnect 1810 Switches,fixed,c04164471,EOL,1810-24G v2
JE005A,HP V1910,SMB,HPE OfficeConnect 1910 Switches,fixed,c03824531,EOL,V1910-16G
JE006A,HP V1910,SMB,HPE OfficeConnect 1910 Switches,fixed,c03824531,EOL,V1910-24G
JE007A,HP V1910,SMB,HPE OfficeConnect 1910 Switches,fixed,c03824531,EOL,V1910-24G-PoE 170W
JE008A,HP V1910,SMB,HPE OfficeConnect 1910 Switches,fixed,c03824531,EOL,V1910-24G-PoE 365W
JE009A,HP V1910,SMB,HPE OfficeConnect 1910 Switches,fixed,c03824531,EOL,V1910-48G
JG920A,HPE OfficeConnect 1920,SMB,HPE OfficeConnect 1920 Switches,fixed,c04394247,EOL,8G
JG921A,HPE OfficeConnect 1920,SMB,HPE OfficeConnect 1920 Switches,fixed,c04394247,EOL,8G PoE+ 65W
JG922A,HPE OfficeConnect 1920,SMB,HPE OfficeConnect 1920 Switches,fixed,c04394247,EOL,8G PoE+ 180W
JG923A,HPE OfficeConnect 1920,SMB,HPE OfficeConnect 1920 Switches,fixed,c04394247,EOL,16G
JG924A,HPE OfficeConnect 1920,SMB,HPE OfficeConnect 1920 Switches,fixed,c04394247,EOL,24G
JG925A,HPE OfficeConnect 1920,SMB,HPE OfficeConnect 1920 Switches,fixed,c04394247,EOL,24G PoE+ 180W
JG926A,HPE OfficeConnect 1920,SMB,HPE OfficeConnect 1920 Switches,fixed,c04394247,EOL,24G PoE+ 370W
JG927A,HPE OfficeConnect 1920,SMB,HPE OfficeConnect 1920 Switches,fixed,c04394247,EOL,48G
JG928A,HPE OfficeConnect 1920,SMB,HPE OfficeConnect 1920 Switches,fixed,c04394247,EOL,48G PoE+ 370W
R8R44A,Aruba Instant On 1430,SMB,Aruba Instant On 1430 Switches,fixed,DS_AIO_1430,current,5G
R8R45A,Aruba Instant On 1430,SMB,Aruba Instant On 1430 Switches,fixed,DS_AIO_1430,current,8G
R8R46A,Aruba Instant On 1430,SMB,Aruba Instant On 1430 Switches,fixed,DS_AIO_1430,current,8G Cls4 PoE 64W
R8R47A,Aruba Instant On 1430,SMB,Aruba Instant On 1430 Switches,fixed,DS_AIO_1430,current,16G
R8R48A,Aruba Instant On 1430,SMB,Aruba Instant On 1430 Switches,fixed,DS_AIO_1430,current,16G Cls4 PoE 124W
R8R49A,Aruba Instant On 1430,SMB,Aruba Instant On 1430 Switches,fixed,DS_AIO_1430,current,24G
R8R50A,Aruba Instant On 1430,SMB,Aruba Instant On 1430 Switches,fixed,DS_AIO_1430,current,26G 2SFP
JL380A,HPE OfficeConnect 1920S,SMB,HPE OfficeConnect 1920S Switches,fixed,a00001630enw,late-life,8G
JL381A,HPE OfficeConnect 1920S,SMB,HPE OfficeConnect 1920S Switches,fixed,a00001630enw,late-life,24G 2SFP
JL382A,HPE OfficeConnect 1920S,SMB,HPE OfficeConnect 1920S Switches,fixed,a00001630enw,late-life,48G 4SFP
JL383A,HPE OfficeConnect 1920S,SMB,HPE OfficeConnect 1920S Switches,fixed,a00001630enw,late-life,8G PPoE+ 65W
JL384A,HPE OfficeConnect 1920S,SMB,HPE OfficeConnect 1920S Switches,fixed,a00001630enw,late-life,24G 2SFP PPoE+ 185W
JL385A,HPE OfficeConnect 1920S,SMB,HPE OfficeConnect 1920S Switches,fixed,a00001630enw,late-life,24G 2SFP PoE+ 370W
JL386A,HPE OfficeConnect 1920S,SMB,HPE OfficeConnect 1920S Switches,fixed,a00001630enw,late-life,48G 4SFP PPoE+ 370W
J9019B,HPE 2510,ArubaOS-Switch,HPE 2510 Switches,fixed,c04111642,EoS,2510-24 FE
J9020A,HPE 2510,ArubaOS-Switch,HPE 2510 Switches,fixed,c04111642,EoS,2510-48 FE
J9280A,HPE 2510,ArubaOS-Switch,HPE 2510 Switches,fixed,c04111642,EoS,2510-48G
J9085A,HPE 2610,ArubaOS-Switch,HPE 2610 Switches,fixed,c04111724,EoS-Retired,2610-24
J9086A,HPE 2610,ArubaOS-Switch,HPE 2610 Switches,fixed,c04111724,EoS-Retired,2610-24-PPoE
J9087A,HPE 2610,ArubaOS-Switch,HPE 2610 Switches,fixed,c04111724,EoS-Retired,2610-24-PoE
J9088A,HPE 2610,ArubaOS-Switch,HPE 2610 Switches,fixed,c04111724,EoS-Retired,2610-48
J9089A,HPE 2610,ArubaOS-Switch,HPE 2610 Switches,fixed,c04111724,EoS-Retired,2610-48-PoE
J9021A,HPE 2810,ArubaOS-Switch,HPE 2810 Switches,fixed,c03625620,EoS,2810-24G
J9022A,HPE 2810,ArubaOS-Switch,HPE 2810 Switches,fixed,c03625620,EoS,2810-48G
J9573A,HP 3800,ArubaOS-Switch,HPE 3800 Switches,fixed,c04111660,EoS,3800-24G-PoE+-2SFP+ (enterprise-class; SMB-scope? flag)
J9574A,HP 3800,ArubaOS-Switch,HPE 3800 Switches,fixed,c04111660,EoS,3800-48G-PoE+-4SFP+
J9575A,HP 3800,ArubaOS-Switch,HPE 3800 Switches,fixed,c04111660,EoS,3800-24G-2SFP+
J9576A,HP 3800,ArubaOS-Switch,HPE 3800 Switches,fixed,c04111660,EoS,3800-48G-4SFP+
J9584A,HP 3800,ArubaOS-Switch,HPE 3800 Switches,fixed,c04111660,EoS,3800-24SFP-2SFP+
J9585A,HP 3800,ArubaOS-Switch,HPE 3800 Switches,fixed,c04111660,EoS,3800-24G-2XG
J9586A,HP 3800,ArubaOS-Switch,HPE 3800 Switches,fixed,c04111660,EoS,3800-48G-4XG
J9587A,HP 3800,ArubaOS-Switch,HPE 3800 Switches,fixed,c04111660,EoS,3800-24G-PoE+-2XG
J9588A,HP 3800,ArubaOS-Switch,HPE 3800 Switches,fixed,c04111660,EoS,3800-48G-PoE+-4XG
JQ074A,HPE FlexFabric 5945,Comware-FlexFabric,HPE FlexFabric 5945 Switches,fixed,a00047323enw,current,48SFP28 8QSFP28
JQ075A,HPE FlexFabric 5945,Comware-FlexFabric,HPE FlexFabric 5945 Switches,fixed,a00047323enw,current,2-slot (module bays)
JQ076A,HPE FlexFabric 5945,Comware-FlexFabric,HPE FlexFabric 5945 Switches,fixed,a00047323enw,current,4-slot (module bays) 2RU
JQ077A,HPE FlexFabric 5945,Comware-FlexFabric,HPE FlexFabric 5945 Switches,fixed,a00047323enw,current,32QSFP28
S3K90A,HPE FlexFabric 5945,Comware-FlexFabric,HPE FlexFabric 5945 Switches,fixed,a00047323enw,current,[TAA] 48SFP28 8QSFP28 TAA
S3K87A,HPE FlexFabric 5945,Comware-FlexFabric,HPE FlexFabric 5945 Switches,fixed,a00047323enw,current,[TAA] 2-slot TAA
S3K88A,HPE FlexFabric 5945,Comware-FlexFabric,HPE FlexFabric 5945 Switches,fixed,a00047323enw,current,[TAA] 4-slot TAA
S3K89A,HPE FlexFabric 5945,Comware-FlexFabric,HPE FlexFabric 5945 Switches,fixed,a00047323enw,current,[TAA] 32QSFP28 TAA
JH321A,HPE FlexFabric 5950,Comware-FlexFabric,HPE FlexFabric 5950 Switches,fixed,c05051989,EOL,32QSFP28
JH402A,HPE FlexFabric 5950,Comware-FlexFabric,HPE FlexFabric 5950 Switches,fixed,c05051989,EOL,48SFP28 8QSFP28
JH404A,HPE FlexFabric 5950,Comware-FlexFabric,HPE FlexFabric 5950 Switches,fixed,c05051989,EOL,4-slot (module bays) 2RU
JQ026A,HPE FlexFabric 5980,Comware-FlexFabric,HPE FlexFabric 5980 Switches,fixed,a00029144enw,current,48SFP+ 6QSFP28
JG682A,HPE FlexFabric 7900,Comware-FlexFabric,HPE FlexFabric 7900 Switches,chassis,c04293387,EOL,7904 4-slot chassis
JH122A,HPE FlexFabric 7900,Comware-FlexFabric,HPE FlexFabric 7900 Switches,chassis,c04293387,EOL,7904 TAA chassis
JG841A,HPE FlexFabric 7900,Comware-FlexFabric,HPE FlexFabric 7900 Switches,chassis,c04293387,EOL,7910 8-slot chassis
JH123A,HPE FlexFabric 7900,Comware-FlexFabric,HPE FlexFabric 7900 Switches,chassis,c04293387,EOL,7910 TAA chassis
JG619A,HPE FlexFabric 12900,Comware-FlexFabric,HPE FlexFabric 12900 Switches,chassis,HP-12900-DS,EOL,12910 AC 10-slot
JG632A,HPE FlexFabric 12900,Comware-FlexFabric,HPE FlexFabric 12900 Switches,chassis,HP-12900-DS,EOL,12916 AC 16-slot
JH951A,HPE FlexFabric 12900E,Comware-FlexFabric,HPE FlexFabric 12900E Switches,chassis,c04111378,current,12901E 1-slot
JH345A,HPE FlexFabric 12900E,Comware-FlexFabric,HPE FlexFabric 12900E Switches,chassis,c04111378,current,12902E 2-slot
JH262A,HPE FlexFabric 12900E,Comware-FlexFabric,HPE FlexFabric 12900E Switches,chassis,c04111378,current,12904E 4-slot
JH255A,HPE FlexFabric 12900E,Comware-FlexFabric,HPE FlexFabric 12900E Switches,chassis,c04111378,current,12908E 8-slot
JH103A,HPE FlexFabric 12900E,Comware-FlexFabric,HPE FlexFabric 12900E Switches,chassis,c04111378,current,12916E 16-slot
R8Q67A,Aruba CX 6200M,CX,Aruba CX 6200M Switches,fixed,a00059762enw,current,24G 4SFP+
R8Q68A,Aruba CX 6200M,CX,Aruba CX 6200M Switches,fixed,a00059762enw,current,24G Cls4 PoE 4SFP+
R8Q69A,Aruba CX 6200M,CX,Aruba CX 6200M Switches,fixed,a00059762enw,current,48G 4SFP+
R8Q70A,Aruba CX 6200M,CX,Aruba CX 6200M Switches,fixed,a00059762enw,current,48G Cls4 PoE 4SFP+
R8Q71A,Aruba CX 6200M,CX,Aruba CX 6200M Switches,fixed,a00059762enw,current,36G 12SR5 Cls6 PoE 4SFP+
R8V08A,Aruba CX 6200M,CX,Aruba CX 6200M Switches,fixed,a00059762enw,current,[TAA] 24G 4SFP+ TAA
R8V09A,Aruba CX 6200M,CX,Aruba CX 6200M Switches,fixed,a00059762enw,current,[TAA] 24G PoE 4SFP+ TAA
R8V10A,Aruba CX 6200M,CX,Aruba CX 6200M Switches,fixed,a00059762enw,current,[TAA] 48G 4SFP+ TAA
R8V11A,Aruba CX 6200M,CX,Aruba CX 6200M Switches,fixed,a00059762enw,current,[TAA] 48G PoE 4SFP+ TAA
R8V12A,Aruba CX 6200M,CX,Aruba CX 6200M Switches,fixed,a00059762enw,current,[TAA] 36G 12SR5 Cls6 PoE 4SFP+ TAA
S3L75A,Aruba CX 6300L,CX,Aruba CX 6300L Switches,fixed,a00085162enw,current,24p SR CL6 2 SFP56 2 SFP28 L2
S3L76A,Aruba CX 6300L,CX,Aruba CX 6300L Switches,fixed,a00085162enw,current,48p SR CL8 2 SFP56 2 SFP28 L2
S3L77A,Aruba CX 6300L,CX,Aruba CX 6300L Switches,fixed,a00085162enw,current,48p SR Cls8/6 PoE 2p50G 2p10G LRM L2
S4B20A,Aruba CX 8325H,CX,Aruba CX 8325H Switches,fixed,a00142954enw,current,8325H-18Y4C FtB
S4B21A,Aruba CX 8325H,CX,Aruba CX 8325H Switches,fixed,a00142954enw,current,8325H-18Y4C BtF
S2T42A,Aruba CX 8325H,CX,Aruba CX 8325H Switches,fixed,a00142954enw,current,[TAA] 8325H-18Y4C FtB TAA
S2T46A,Aruba CX 8325H,CX,Aruba CX 8325H Switches,fixed,a00142954enw,current,[TAA] 8325H-18Y4C BtF TAA
S4B22A,Aruba CX 8325H,CX,Aruba CX 8325H Switches,fixed,a00142954enw,current,8325H-16C FtB
S4B23A,Aruba CX 8325H,CX,Aruba CX 8325H Switches,fixed,a00142954enw,current,8325H-16C BtF
S2T47A,Aruba CX 8325H,CX,Aruba CX 8325H Switches,fixed,a00142954enw,current,[TAA] 8325H-16C FtB TAA
S2T48A,Aruba CX 8325H,CX,Aruba CX 8325H Switches,fixed,a00142954enw,current,[TAA] 8325H-16C BtF TAA
S4R54A,Aruba CX 10040,CX,Aruba CX 10040 Switches,fixed,a50004267enw,current,32×100G 6×400G FtB AC DSS
S4R55A,Aruba CX 10040,CX,Aruba CX 10040 Switches,fixed,a50004267enw,current,BtF AC DSS
S4R56A,Aruba CX 10040,CX,Aruba CX 10040 Switches,fixed,a50004267enw,current,[TAA] FtB AC TAA DSS
S4R57A,Aruba CX 10040,CX,Aruba CX 10040 Switches,fixed,a50004267enw,current,[TAA] BtF AC TAA DSS
S4R58A,Aruba CX 10040,CX,Aruba CX 10040 Switches,fixed,a50004267enw,current,[FRU] Field Replacement Unit switch
JL724A,Aruba CX 6200F,CX,Aruba CX 6200F Switches,fixed,a00059762enw,EoS-2024-07-31,"[base-Arev] 24G 4SFP+ (A-rev, back IN no-cutoff)"
JL725A,Aruba CX 6200F,CX,Aruba CX 6200F Switches,fixed,a00059762enw,EoS-2024-07-31,[base-Arev] 24G PoE 4SFP+ 370W A-rev
JL726A,Aruba CX 6200F,CX,Aruba CX 6200F Switches,fixed,a00059762enw,EoS-2024-07-31,[base-Arev] 48G 4SFP+ A-rev
JL727A,Aruba CX 6200F,CX,Aruba CX 6200F Switches,fixed,a00059762enw,EoS-2024-07-31,[base-Arev] 48G PoE 4SFP+ 370W A-rev
JL728A,Aruba CX 6200F,CX,Aruba CX 6200F Switches,fixed,a00059762enw,EoS-2024-07-31,[base-Arev] 48G PoE 4SFP+ 740W A-rev
R8Q72A,Aruba CX 6200F,CX,Aruba CX 6200F Switches,fixed,a00059762enw,current,[base] 12G Cls4 PoE 2G/2SFP+ 139W fanless
R8V13A,Aruba CX 6200F,CX,Aruba CX 6200F Switches,fixed,a00059762enw,current,[TAA] 48G PoE 4SFP 740W TAA
R0X31A,Aruba CX 6400 Modules,Modules,Aruba CX 6400 Modules,module,a00073541enw,current,mgmt module
R0X38C,Aruba CX 6400 Modules,Modules,Aruba CX 6400 Modules,module,a00073541enw,current,v2 48p 1G CL4 PoE
R0X39C,Aruba CX 6400 Modules,Modules,Aruba CX 6400 Modules,module,a00073541enw,current,v2 48p 1G CL4 PoE 4SFP56
R0X40C,Aruba CX 6400 Modules,Modules,Aruba CX 6400 Modules,module,a00073541enw,current,v2 48p 1G CL6 PoE 4SFP56
R0X41C,Aruba CX 6400 Modules,Modules,Aruba CX 6400 Modules,module,a00073541enw,current,v2 48p SR CL6 PoE 4SFP56
R0X42C,Aruba CX 6400 Modules,Modules,Aruba CX 6400 Modules,module,a00073541enw,current,v2 24p 10GBT 4SFP56
R0X43C,Aruba CX 6400 Modules,Modules,Aruba CX 6400 Modules,module,a00073541enw,current,v2 24p SFP+ 4SFP56
R0X44C,Aruba CX 6400 Modules,Modules,Aruba CX 6400 Modules,module,a00073541enw,current,v2 48p 1/10/25G SFP28 ExtTbl
R0X45C,Aruba CX 6400 Modules,Modules,Aruba CX 6400 Modules,module,a00073541enw,current,v2 12p 40/100G QSFP28 ExtTbl
S0E48A,Aruba CX 6400 Modules,Modules,Aruba CX 6400 Modules,module,a00073541enw,current,v2 32p SFP28 4p QSFP28 MACsec ExtTbl
S1T83A,Aruba CX 6400 Modules,Modules,Aruba CX 6400 Modules,module,a00073541enw,current,v2 24p SR CL8 PoE 4SFP56
R0X38B,Aruba CX 6400 Modules,Modules,Aruba CX 6400 Modules,module,a00073541enw,superseded-v1,48p 1G CL4 PoE
R0X39B,Aruba CX 6400 Modules,Modules,Aruba CX 6400 Modules,module,a00073541enw,superseded-v1,48p 1G CL4 PoE 4SFP56
R0X40B,Aruba CX 6400 Modules,Modules,Aruba CX 6400 Modules,module,a00073541enw,superseded-v1,48p 1G CL6 PoE 4SFP56
R0X41A,Aruba CX 6400 Modules,Modules,Aruba CX 6400 Modules,module,a00073541enw,superseded-v1,48p SR CL6 PoE 4SFP56
R0X42A,Aruba CX 6400 Modules,Modules,Aruba CX 6400 Modules,module,a00073541enw,superseded-v1,24p 10GT 4SFP56
R0X43A,Aruba CX 6400 Modules,Modules,Aruba CX 6400 Modules,module,a00073541enw,superseded-v1,24p SFP+ 4SFP56
R0X44A,Aruba CX 6400 Modules,Modules,Aruba CX 6400 Modules,module,a00073541enw,superseded-v1,48p 10/25G SFP28
R0X45A,Aruba CX 6400 Modules,Modules,Aruba CX 6400 Modules,module,a00073541enw,superseded-v1,12p 40/100G QSFP28
JL363A,Aruba CX 8400 Modules,Modules,Aruba CX 8400 Modules,module,a00017758enw,current,32p 10G SFP+ MACsec line
JL687A,Aruba CX 8400 Modules,Modules,Aruba CX 8400 Modules,module,a00017758enw,current,32p 1/10/25G line
JL365A,Aruba CX 8400 Modules,Modules,Aruba CX 8400 Modules,module,a00017758enw,current,8p 40G QSFP+ line
JL366A,Aruba CX 8400 Modules,Modules,Aruba CX 8400 Modules,module,a00017758enw,current,6p 40/100G QSFP28 line
JL367A,Aruba CX 8400 Modules,Modules,Aruba CX 8400 Modules,module,a00017758enw,current,7.2Tbps fabric
JL368A,Aruba CX 8400 Modules,Modules,Aruba CX 8400 Modules,module,a00017758enw,current,mgmt module
J9827A,Aruba 5400R zl2 Modules,Modules,Aruba 5400R zl2 Modules,module,c04293383,current,mgmt module
J9986A,Aruba 5400R zl2 Modules,Modules,Aruba 5400R zl2 Modules,module,c04293383,current,v3 24p 1G PoE+
J9987A,Aruba 5400R zl2 Modules,Modules,Aruba 5400R zl2 Modules,module,c04293383,current,v3 24p 1G (non-PoE)
J9988A,Aruba 5400R zl2 Modules,Modules,Aruba 5400R zl2 Modules,module,c04293383,current,v3 20p 1G PoE+ 1p 40G QSFP+
J9989A,Aruba 5400R zl2 Modules,Modules,Aruba 5400R zl2 Modules,module,c04293383,current,v3 12p 1G PoE+ 12p 1G SFP
J9990A,Aruba 5400R zl2 Modules,Modules,Aruba 5400R zl2 Modules,module,c04293383,current,v3 20p 1G PoE+ 4p SFP+
J9991A,Aruba 5400R zl2 Modules,Modules,Aruba 5400R zl2 Modules,module,c04293383,current,v3 20p 1G PoE+ 4p SR PoE+
J9992A,Aruba 5400R zl2 Modules,Modules,Aruba 5400R zl2 Modules,module,c04293383,current,v3 8p SR PoE+
J9993A,Aruba 5400R zl2 Modules,Modules,Aruba 5400R zl2 Modules,module,c04293383,current,v3 8p SFP+
J9995A,Aruba 5400R zl2 Modules,Modules,Aruba 5400R zl2 Modules,module,c04293383,current,v3 8p SR PoE+
J9996A,Aruba 5400R zl2 Modules,Modules,Aruba 5400R zl2 Modules,module,c04293383,current,v3 2p 40G QSFP+
J9731A,ArubaOS-Switch Expansion Modules,Modules,ArubaOS-Switch Expansion Modules,module,2920-DS,EoS,2920 2p 10G SFP+
J9732A,ArubaOS-Switch Expansion Modules,Modules,ArubaOS-Switch Expansion Modules,module,2920-DS,EoS,2920 2p 10GBASE-T
J9733A,ArubaOS-Switch Expansion Modules,Modules,ArubaOS-Switch Expansion Modules,module,2920-DS,EoS,2920 2p stacking (port-adding)
JL078A,ArubaOS-Switch Expansion Modules,Modules,ArubaOS-Switch Expansion Modules,module,a00004551enw,current,2930M/3810M 1p QSFP+ 40G
JL079A,ArubaOS-Switch Expansion Modules,Modules,ArubaOS-Switch Expansion Modules,module,c04843019,current,3810M 2p QSFP+ 40G
JL081A,ArubaOS-Switch Expansion Modules,Modules,ArubaOS-Switch Expansion Modules,module,a00004551enw,current,2930M/3810M 4p SmartRate PoE+
JL083A,ArubaOS-Switch Expansion Modules,Modules,ArubaOS-Switch Expansion Modules,module,a00004551enw,current,2930M/3810M 4p SFP+ MACsec
JL084A,ArubaOS-Switch Expansion Modules,Modules,ArubaOS-Switch Expansion Modules,module,c04843019,current,3810M 4p stacking
JL325A,ArubaOS-Switch Expansion Modules,Modules,ArubaOS-Switch Expansion Modules,module,a00004551enw,current,2930M 2p stacking
JC614A,HPE FlexNetwork 10500 Modules,Modules,HPE FlexNetwork 10500 Modules,module,c04212581,current,MPU LSU1SUPB0
JG375A,HPE FlexNetwork 10500 Modules,Modules,HPE FlexNetwork 10500 Modules,module,c04212581,current,TAA MPU LSU1SUPA0
JG496A,HPE FlexNetwork 10500 Modules,Modules,HPE FlexNetwork 10500 Modules,module,c04212581,current,Type A MPU Comware v7
JH198A,HPE FlexNetwork 10500 Modules,Modules,HPE FlexNetwork 10500 Modules,module,c04212581,current,Type D MPU Comware v7
JC751A,HPE FlexNetwork 10500 Modules,Modules,HPE FlexNetwork 10500 Modules,module,c04212581,current,10504 880G Type B fabric
JC752A,HPE FlexNetwork 10500 Modules,Modules,HPE FlexNetwork 10500 Modules,module,c04212581,current,10504 1.2T Type D fabric
JC753A,HPE FlexNetwork 10500 Modules,Modules,HPE FlexNetwork 10500 Modules,module,c04212581,current,10508/-V 1.04T Type B fabric
JC754A,HPE FlexNetwork 10500 Modules,Modules,HPE FlexNetwork 10500 Modules,module,c04212581,current,10508/-V 2.32T Type D fabric
JC749A,HPE FlexNetwork 10500 Modules,Modules,HPE FlexNetwork 10500 Modules,module,c04212581,current,10512 1.52T Type B fabric
JC750A,HPE FlexNetwork 10500 Modules,Modules,HPE FlexNetwork 10500 Modules,module,c04212581,current,10512 3.44T Type D fabric
JC615A,HPE FlexNetwork 10500 Modules,Modules,HPE FlexNetwork 10500 Modules,module,ML10500,legacy,10504 400G Type A fabric
JC616A,HPE FlexNetwork 10500 Modules,Modules,HPE FlexNetwork 10500 Modules,module,ML10500,legacy,10508/-V 720G Type A fabric
JG394A,HPE FlexNetwork 10500 Modules,Modules,HPE FlexNetwork 10500 Modules,module,c04212581,current,24p 1/10GBASE-T SF
JH192A,HPE FlexNetwork 10500 Modules,Modules,HPE FlexNetwork 10500 Modules,module,c04212581,current,48p 1000BASE-T SE
JH193A,HPE FlexNetwork 10500 Modules,Modules,HPE FlexNetwork 10500 Modules,module,c04212581,current,16p 1/10G SFP+ SF
JH197A,HPE FlexNetwork 10500 Modules,Modules,HPE FlexNetwork 10500 Modules,module,c04212581,current,48p 1/10G SFP+ SG
JH191A,HPE FlexNetwork 10500 Modules,Modules,HPE FlexNetwork 10500 Modules,module,c04212581,current,44p GbE SFP 4p 10G SFP+ SE
JH432A,HPE FlexNetwork 10500 Modules,Modules,HPE FlexNetwork 10500 Modules,module,c04212581,current,32p 10G 4p 40G QSFP+ M2SG
JH433A,HPE FlexNetwork 10500 Modules,Modules,HPE FlexNetwork 10500 Modules,module,c04212581,current,48p 10G MACsec M2SG
JH434A,HPE FlexNetwork 10500 Modules,Modules,HPE FlexNetwork 10500 Modules,module,c04212581,current,12p 40G QSFP+ M2SG
JC620A,HPE FlexNetwork 10500 Modules,Modules,HPE FlexNetwork 10500 Modules,module,ML10500,legacy,A10500 4p 10G XFP SE
JC624A,HPE FlexNetwork 10500 Modules,Modules,HPE FlexNetwork 10500 Modules,module,ML10500,legacy,A10500 4p 10G XFP EA
JC627A,HPE FlexNetwork 10500 Modules,Modules,HPE FlexNetwork 10500 Modules,module,ML10500,legacy,A10500 4p 10G XFP EB
JC631A,HPE FlexNetwork 10500 Modules,Modules,HPE FlexNetwork 10500 Modules,module,ML10500,legacy,A10500 8p 10G SFP+ SE
JC630A,HPE FlexNetwork 10500 Modules,Modules,HPE FlexNetwork 10500 Modules,module,ML10500,legacy,A10500 8p 10G SFP+ EA
JC629A,HPE FlexNetwork 10500 Modules,Modules,HPE FlexNetwork 10500 Modules,module,ML10500,legacy,A10500 8p 10G SFP+ EB
JC628A,HPE FlexNetwork 10500 Modules,Modules,HPE FlexNetwork 10500 Modules,module,ML10500,legacy,A10500 16p 10G SFP+ SC
JC619A,HPE FlexNetwork 10500 Modules,Modules,HPE FlexNetwork 10500 Modules,module,ML10500,legacy,A10500 48p GbE SFP SE
JC622A,HPE FlexNetwork 10500 Modules,Modules,HPE FlexNetwork 10500 Modules,module,ML10500,legacy,A10500 48p GbE SFP EA
JC625A,HPE FlexNetwork 10500 Modules,Modules,HPE FlexNetwork 10500 Modules,module,ML10500,legacy,A10500 48p GbE SFP EB
JC618A,HPE FlexNetwork 10500 Modules,Modules,HPE FlexNetwork 10500 Modules,module,ML10500,legacy,A10500 48p Gig-T SE
JC623A,HPE FlexNetwork 10500 Modules,Modules,HPE FlexNetwork 10500 Modules,module,ML10500,legacy,A10500 48p Gig-T EA
JC617A,HPE FlexNetwork 10500 Modules,Modules,HPE FlexNetwork 10500 Modules,module,ML10500,legacy,A10500 16 SFP/8 combo/2 10G SE
JC621A,HPE FlexNetwork 10500 Modules,Modules,HPE FlexNetwork 10500 Modules,module,ML10500,legacy,A10500 16 SFP/8 combo/2 10G EA
JC626A,HPE FlexNetwork 10500 Modules,Modules,HPE FlexNetwork 10500 Modules,module,ML10500,legacy,A10500 16 SFP/8 combo/2 10G EB
JC763A,HPE FlexNetwork 10500 Modules,Modules,HPE FlexNetwork 10500 Modules,module,ML10500,legacy,10500 16 SFP/8 combo SE
JC755A,HPE FlexNetwork 10500 Modules,Modules,HPE FlexNetwork 10500 Modules,module,ML10500,legacy,10500 32p 10G SFP+ SF
JC756A,HPE FlexNetwork 10500 Modules,Modules,HPE FlexNetwork 10500 Modules,module,ML10500,legacy,10500 48p 10G SFP+ SF
JC757A,HPE FlexNetwork 10500 Modules,Modules,HPE FlexNetwork 10500 Modules,module,ML10500,legacy,10500 4p 40G QSFP+ SF
JG392A,HPE FlexNetwork 10500 Modules,Modules,HPE FlexNetwork 10500 Modules,module,ML10500,legacy,10500 8p 40G QSFP+ SF
JG396A,HPE FlexNetwork 10500 Modules,Modules,HPE FlexNetwork 10500 Modules,module,ML10500,legacy,10500 4p 40G CFP SF
JG916A,HPE FlexNetwork 10500 Modules,Modules,HPE FlexNetwork 10500 Modules,module,QS10500,ZU_VERIFIZIEREN,2p 100G CFP SE (verify)
JH194A,HPE FlexNetwork 10500 Modules,Modules,HPE FlexNetwork 10500 Modules,module,QS10500,ZU_VERIFIZIEREN,intermediate-gen (verify desc)
JH195A,HPE FlexNetwork 10500 Modules,Modules,HPE FlexNetwork 10500 Modules,module,QS10500,ZU_VERIFIZIEREN,~6p 40G QSFP+ EC (verify)
JH196A,HPE FlexNetwork 10500 Modules,Modules,HPE FlexNetwork 10500 Modules,module,QS10500,ZU_VERIFIZIEREN,intermediate-gen (verify desc)
JH180A,HPE FlexFabric 5930/5940 Modules,Modules,HPE FlexFabric 5930/5940 Modules,module,c04111326,EoS,5930 24p SFP+ 2p QSFP+
JH181A,HPE FlexFabric 5930/5940 Modules,Modules,HPE FlexFabric 5930/5940 Modules,module,c04111326,EoS,5930 24p SFP+ 2p QSFP+ MACsec
JH182A,HPE FlexFabric 5930/5940 Modules,Modules,HPE FlexFabric 5930/5940 Modules,module,c04111326,EoS,5930 24p 10GBASE-T 2p QSFP+ MACsec
JH183A,HPE FlexFabric 5930/5940 Modules,Modules,HPE FlexFabric 5930/5940 Modules,module,c04111326,EoS,5930 8p QSFP+
JH184A,HPE FlexFabric 5930/5940 Modules,Modules,HPE FlexFabric 5930/5940 Modules,module,c04111326,EoS,5930 24p Converged 2p QSFP+
JH409A,HPE FlexFabric 5930/5940 Modules,Modules,HPE FlexFabric 5930/5940 Modules,module,c05158726,current,5940 2p QSFP+ 2p QSFP28
JH957A,HPE FlexFabric 5930/5940 Modules,Modules,HPE FlexFabric 5930/5940 Modules,module,c05051989,current,5950 8p QSFP28 MACsec (host 5950; cross-listed)
JL845A,HPE FlexFabric 12900E Modules,Modules,HPE FlexFabric 12900E Modules,module,c04928717,ZU_VERIFIZIEREN,Type X MPU
JL846A,HPE FlexFabric 12900E Modules,Modules,HPE FlexFabric 12900E Modules,module,c04928717,ZU_VERIFIZIEREN,48p 10G SFP+ Type X
JL847A,HPE FlexFabric 12900E Modules,Modules,HPE FlexFabric 12900E Modules,module,c04928717,ZU_VERIFIZIEREN,36p 40G QSFP+ Type X
JH360A,HPE FlexFabric 12900E Modules,Modules,HPE FlexFabric 12900E Modules,module,c04928717,ZU_VERIFIZIEREN,48p 1/10G 2p 100G HB
JQ061A,HPE FlexFabric 12900E Modules,Modules,HPE FlexFabric 12900E Modules,module,c04928717,ZU_VERIFIZIEREN,48p 10G SFP+ HF
JH953A,HPE FlexFabric 12900E Modules,Modules,HPE FlexFabric 12900E Modules,module,c04928717,ZU_VERIFIZIEREN,24p 10G 2p 40G Type H
TOTAL,533 orderable PIDs,6 OEM-lines,"(full-scope, match-Cisco)",--,--,NO EoL filter (EOL in-scope),REPLACES the 224/352 figures = the full-scope denominator
