Artikelnummer;Attribut;Aktion;live_alt;neu;quelle
CFP-100G-ER4;Anschlusstyp;REPLACE;LC;Duplex SC (PC/UPC);§5.4
CFP-100G-ER4;Anwendung;ADD;;Metro-/Weitverkehrsnetz;
CFP-100G-ER4;Faseranzahl;ADD;;2;
CFP-100G-LR4;Anschlusstyp;REPLACE;LC;Duplex SC (PC/UPC);§5.4
CFP-100G-LR4;Anwendung;ADD;;Campus-/Metro-Netz (Langstrecke);
CFP-100G-LR4;Faseranzahl;ADD;;2;
CFP-100G-SR10;Anwendung;ADD;;Rechenzentrum (Kurzstrecke);
CFP-100G-SR10;Faseranzahl;ADD;;20;
CFP-40G-FR;Anwendung;ADD;;Campus-/Metro-Netz (Langstrecke);
CFP-40G-FR;Faseranzahl;ADD;;2;
CFP-40G-LR4;Anschlusstyp;REPLACE;LC;Duplex SC (PC/UPC);§5.4
CFP-40G-LR4;Anwendung;ADD;;Campus-/Metro-Netz (Langstrecke);
CFP-40G-LR4;Faseranzahl;ADD;;2;
CFP-40G-SR4;Anwendung;ADD;;Rechenzentrum (Kurzstrecke);
CFP-40G-SR4;Faseranzahl;ADD;;8;
CFP2-100G-ER4;Anwendung;ADD;;Metro-/Weitverkehrsnetz;
CFP2-100G-ER4;Faseranzahl;ADD;;2;
CFP2-WDM-DETS-1HL;Anwendung;ADD;;Carrier-/Transportnetz (DWDM / kohärent);
CFP2-WDM-DETS-1HL;Faseranzahl;ADD;;2;
CFP2-WDM-DS-1HL;Anwendung;ADD;;Carrier-/Transportnetz (DWDM / kohärent);
CFP2-WDM-DS-1HL;Faseranzahl;ADD;;2;
CFP2-WDM-DS100-HL;Anwendung;ADD;;Carrier-/Transportnetz (DWDM / kohärent);
CFP2-WDM-DS100-HL;Faseranzahl;ADD;;2;
CPAK-100G-CWDM4;Anwendung;ADD;;Campus-/Metro-Netz (Langstrecke);
CPAK-100G-CWDM4;Faseranzahl;ADD;;2;
CPAK-100G-ER4F;Anwendung;ADD;;Metro-/Weitverkehrsnetz;
CPAK-100G-ER4F;Faseranzahl;ADD;;2;
CPAK-100G-ER4L;Anschlusstyp;REPLACE;LC;Dual SC/PC;§5.4
CPAK-100G-ER4L;Anwendung;ADD;;Metro-/Weitverkehrsnetz;
CPAK-100G-ER4L;Faseranzahl;ADD;;2;
CPAK-100G-LR4;Anschlusstyp;REPLACE;LC;Dual SC/PC;§5.4
CPAK-100G-LR4;Anwendung;ADD;;Campus-/Metro-Netz (Langstrecke);
CPAK-100G-LR4;Faseranzahl;ADD;;2;
CPAK-100G-PSM4;Anwendung;ADD;;Rechenzentrum (Kurzstrecke);
CPAK-100G-PSM4;Faseranzahl;ADD;;8;
CPAK-100G-SR10;Anwendung;ADD;;Rechenzentrum (Kurzstrecke);
CPAK-100G-SR10;Faseranzahl;ADD;;20;
CPAK-100G-SR4;Anwendung;ADD;;Rechenzentrum (Kurzstrecke);
CPAK-100G-SR4;Faseranzahl;ADD;;8;
CPAK-100GE-LR4;Anwendung;ADD;;Campus-/Metro-Netz (Langstrecke);
CPAK-100GE-LR4;Faseranzahl;ADD;;2;
CPAK-10X10G-ERL;Anwendung;ADD;;Metro-/Weitverkehrsnetz;
CPAK-10X10G-ERL;Faseranzahl;ADD;;20;
CWDM-SFP-1470;Anwendung;ADD;;Metro-/Zugangsnetz (CWDM);
CWDM-SFP-1470;Faseranzahl;ADD;;2;
CWDM-SFP-1490;Anwendung;ADD;;Metro-/Zugangsnetz (CWDM);
CWDM-SFP-1490;Faseranzahl;ADD;;2;
CWDM-SFP-1510;Anwendung;ADD;;Metro-/Zugangsnetz (CWDM);
CWDM-SFP-1510;Faseranzahl;ADD;;2;
CWDM-SFP-1530;Anwendung;ADD;;Metro-/Zugangsnetz (CWDM);
CWDM-SFP-1530;Faseranzahl;ADD;;2;
CWDM-SFP-1610;Anwendung;ADD;;Metro-/Zugangsnetz (CWDM);
CWDM-SFP-1610;Faseranzahl;ADD;;2;
CWDM-SFP10G-1470;Anwendung;ADD;;Metro-/Zugangsnetz (CWDM);
CWDM-SFP10G-1470;Faseranzahl;ADD;;2;
CWDM-SFP10G-1490;Anwendung;ADD;;Metro-/Zugangsnetz (CWDM);
CWDM-SFP10G-1490;Faseranzahl;ADD;;2;
CWDM-SFP10G-1510;Anwendung;ADD;;Metro-/Zugangsnetz (CWDM);
CWDM-SFP10G-1510;Faseranzahl;ADD;;2;
CWDM-SFP10G-1530;Anwendung;ADD;;Metro-/Zugangsnetz (CWDM);
CWDM-SFP10G-1530;Faseranzahl;ADD;;2;
CWDM-SFP10G-1550;Anwendung;ADD;;Metro-/Zugangsnetz (CWDM);
CWDM-SFP10G-1550;Faseranzahl;ADD;;2;
CWDM-SFP10G-1570;Anwendung;ADD;;Metro-/Zugangsnetz (CWDM);
CWDM-SFP10G-1570;Faseranzahl;ADD;;2;
CWDM-SFP10G-1590;Anwendung;ADD;;Metro-/Zugangsnetz (CWDM);
CWDM-SFP10G-1590;Faseranzahl;ADD;;2;
CWDM-SFP10G-1610;Anwendung;ADD;;Metro-/Zugangsnetz (CWDM);
CWDM-SFP10G-1610;Faseranzahl;ADD;;2;
CXP-100G-SR10;Anwendung;ADD;;Rechenzentrum (Kurzstrecke);
CXP-100G-SR10;Faseranzahl;ADD;;20;
CXP-100G-SR12;Anwendung;ADD;;Rechenzentrum (Kurzstrecke);
CXP-100G-SR12;Faseranzahl;ADD;;20;
DP01QSDD-ZF1;Anwendung;ADD;;Carrier-/Transportnetz (DWDM / kohärent);
DP01QSDD-ZF1;Faseranzahl;ADD;;2;
DP04QSDD-ER1;Anwendung;ADD;;Carrier-/Transportnetz (DWDM / kohärent);
DP04QSDD-ER1;Faseranzahl;ADD;;2;
DP04QSDD-HE0;Anwendung;ADD;;Carrier-/Transportnetz (DWDM / kohärent);
DP04QSDD-HE0;Faseranzahl;ADD;;2;
DWDM-SFP-3033;Anwendung;ADD;;Carrier-/Transportnetz (DWDM / kohärent);
DWDM-SFP-3033;Faseranzahl;ADD;;2;
DWDM-SFP-3112;Anwendung;ADD;;Carrier-/Transportnetz (DWDM / kohärent);
DWDM-SFP-3112;Faseranzahl;ADD;;2;
DWDM-SFP-3190;Anwendung;ADD;;Carrier-/Transportnetz (DWDM / kohärent);
DWDM-SFP-3190;Faseranzahl;ADD;;2;
DWDM-SFP-3268;Anwendung;ADD;;Carrier-/Transportnetz (DWDM / kohärent);
DWDM-SFP-3268;Faseranzahl;ADD;;2;
DWDM-SFP-6141;Anwendung;ADD;;Carrier-/Transportnetz (DWDM / kohärent);
DWDM-SFP-6141;Faseranzahl;ADD;;2;
DWDM-SFP10G-C;Anwendung;ADD;;Carrier-/Transportnetz (DWDM / kohärent);
DWDM-SFP10G-C;Faseranzahl;ADD;;2;
DWDM-SFP10G-C-S;Anwendung;ADD;;Carrier-/Transportnetz (DWDM / kohärent);
DWDM-SFP10G-C-S;Faseranzahl;ADD;;2;
DWDM-X2-30.33;Anwendung;ADD;;Carrier-/Transportnetz (DWDM / kohärent);
DWDM-X2-30.33;Faseranzahl;ADD;;2;
DWDM-X2-31.12;Anwendung;ADD;;Carrier-/Transportnetz (DWDM / kohärent);
DWDM-X2-31.12;Faseranzahl;ADD;;2;
DWDM-X2-31.90;Anwendung;ADD;;Carrier-/Transportnetz (DWDM / kohärent);
DWDM-X2-31.90;Faseranzahl;ADD;;2;
DWDM-X2-32.68;Anwendung;ADD;;Carrier-/Transportnetz (DWDM / kohärent);
DWDM-X2-32.68;Faseranzahl;ADD;;2;
DWDM-X2-34.25;Anwendung;ADD;;Carrier-/Transportnetz (DWDM / kohärent);
DWDM-X2-34.25;Faseranzahl;ADD;;2;
DWDM-X2-35.04;Anwendung;ADD;;Carrier-/Transportnetz (DWDM / kohärent);
DWDM-X2-35.04;Faseranzahl;ADD;;2;
DWDM-X2-35.82;Anwendung;ADD;;Carrier-/Transportnetz (DWDM / kohärent);
DWDM-X2-35.82;Faseranzahl;ADD;;2;
DWDM-X2-36.61;Anwendung;ADD;;Carrier-/Transportnetz (DWDM / kohärent);
DWDM-X2-36.61;Faseranzahl;ADD;;2;
DWDM-X2-38.19;Anwendung;ADD;;Carrier-/Transportnetz (DWDM / kohärent);
DWDM-X2-38.19;Faseranzahl;ADD;;2;
DWDM-X2-38.98;Anwendung;ADD;;Carrier-/Transportnetz (DWDM / kohärent);
DWDM-X2-38.98;Faseranzahl;ADD;;2;
DWDM-X2-39.77;Anwendung;ADD;;Carrier-/Transportnetz (DWDM / kohärent);
DWDM-X2-39.77;Faseranzahl;ADD;;2;
DWDM-X2-40.56;Anwendung;ADD;;Carrier-/Transportnetz (DWDM / kohärent);
DWDM-X2-40.56;Faseranzahl;ADD;;2;
DWDM-X2-42.14;Anwendung;ADD;;Carrier-/Transportnetz (DWDM / kohärent);
DWDM-X2-42.14;Faseranzahl;ADD;;2;
DWDM-X2-42.94;Anwendung;ADD;;Carrier-/Transportnetz (DWDM / kohärent);
DWDM-X2-42.94;Faseranzahl;ADD;;2;
DWDM-X2-43.73;Anwendung;ADD;;Carrier-/Transportnetz (DWDM / kohärent);
DWDM-X2-43.73;Faseranzahl;ADD;;2;
DWDM-X2-44.53;Anwendung;ADD;;Carrier-/Transportnetz (DWDM / kohärent);
DWDM-X2-44.53;Faseranzahl;ADD;;2;
DWDM-X2-46.12;Anwendung;ADD;;Carrier-/Transportnetz (DWDM / kohärent);
DWDM-X2-46.12;Faseranzahl;ADD;;2;
DWDM-X2-46.92;Anwendung;ADD;;Carrier-/Transportnetz (DWDM / kohärent);
DWDM-X2-46.92;Faseranzahl;ADD;;2;
DWDM-X2-47.72;Anwendung;ADD;;Carrier-/Transportnetz (DWDM / kohärent);
DWDM-X2-47.72;Faseranzahl;ADD;;2;
DWDM-X2-48.51;Anwendung;ADD;;Carrier-/Transportnetz (DWDM / kohärent);
DWDM-X2-48.51;Faseranzahl;ADD;;2;
DWDM-X2-50.12;Anwendung;ADD;;Carrier-/Transportnetz (DWDM / kohärent);
DWDM-X2-50.12;Faseranzahl;ADD;;2;
DWDM-X2-50.92;Anwendung;ADD;;Carrier-/Transportnetz (DWDM / kohärent);
DWDM-X2-50.92;Faseranzahl;ADD;;2;
DWDM-X2-51.72;Anwendung;ADD;;Carrier-/Transportnetz (DWDM / kohärent);
DWDM-X2-51.72;Faseranzahl;ADD;;2;
DWDM-X2-52.52;Anwendung;ADD;;Carrier-/Transportnetz (DWDM / kohärent);
DWDM-X2-52.52;Faseranzahl;ADD;;2;
DWDM-X2-54.13;Anwendung;ADD;;Carrier-/Transportnetz (DWDM / kohärent);
DWDM-X2-54.13;Faseranzahl;ADD;;2;
DWDM-X2-54.94;Anwendung;ADD;;Carrier-/Transportnetz (DWDM / kohärent);
DWDM-X2-54.94;Faseranzahl;ADD;;2;
DWDM-X2-55.75;Anwendung;ADD;;Carrier-/Transportnetz (DWDM / kohärent);
DWDM-X2-55.75;Faseranzahl;ADD;;2;
DWDM-X2-56.55;Anwendung;ADD;;Carrier-/Transportnetz (DWDM / kohärent);
DWDM-X2-56.55;Faseranzahl;ADD;;2;
DWDM-X2-58.17;Anwendung;ADD;;Carrier-/Transportnetz (DWDM / kohärent);
DWDM-X2-58.17;Faseranzahl;ADD;;2;
DWDM-X2-58.98;Anwendung;ADD;;Carrier-/Transportnetz (DWDM / kohärent);
DWDM-X2-58.98;Faseranzahl;ADD;;2;
DWDM-X2-59.79;Anwendung;ADD;;Carrier-/Transportnetz (DWDM / kohärent);
DWDM-X2-59.79;Faseranzahl;ADD;;2;
DWDM-X2-60.61;Anwendung;ADD;;Carrier-/Transportnetz (DWDM / kohärent);
DWDM-X2-60.61;Faseranzahl;ADD;;2;
DWDM-XFP-30.33;Anwendung;ADD;;Carrier-/Transportnetz (DWDM / kohärent);
DWDM-XFP-30.33;Faseranzahl;ADD;;2;
DWDM-XFP-31.12;Anwendung;ADD;;Carrier-/Transportnetz (DWDM / kohärent);
DWDM-XFP-31.12;Faseranzahl;ADD;;2;
DWDM-XFP-31.90;Anwendung;ADD;;Carrier-/Transportnetz (DWDM / kohärent);
DWDM-XFP-31.90;Faseranzahl;ADD;;2;
DWDM-XFP-32.68;Anwendung;ADD;;Carrier-/Transportnetz (DWDM / kohärent);
DWDM-XFP-32.68;Faseranzahl;ADD;;2;
DWDM-XFP-34.25;Anwendung;ADD;;Carrier-/Transportnetz (DWDM / kohärent);
DWDM-XFP-34.25;Faseranzahl;ADD;;2;
DWDM-XFP-35.04;Anwendung;ADD;;Carrier-/Transportnetz (DWDM / kohärent);
DWDM-XFP-35.04;Faseranzahl;ADD;;2;
DWDM-XFP-35.82;Anwendung;ADD;;Carrier-/Transportnetz (DWDM / kohärent);
DWDM-XFP-35.82;Faseranzahl;ADD;;2;
DWDM-XFP-36.61;Anwendung;ADD;;Carrier-/Transportnetz (DWDM / kohärent);
DWDM-XFP-36.61;Faseranzahl;ADD;;2;
DWDM-XFP-38.19;Anwendung;ADD;;Carrier-/Transportnetz (DWDM / kohärent);
DWDM-XFP-38.19;Faseranzahl;ADD;;2;
DWDM-XFP-38.98;Anwendung;ADD;;Carrier-/Transportnetz (DWDM / kohärent);
DWDM-XFP-38.98;Faseranzahl;ADD;;2;
DWDM-XFP-39.77;Anwendung;ADD;;Carrier-/Transportnetz (DWDM / kohärent);
DWDM-XFP-39.77;Faseranzahl;ADD;;2;
DWDM-XFP-40.56;Anwendung;ADD;;Carrier-/Transportnetz (DWDM / kohärent);
DWDM-XFP-40.56;Faseranzahl;ADD;;2;
DWDM-XFP-42.14;Anwendung;ADD;;Carrier-/Transportnetz (DWDM / kohärent);
DWDM-XFP-42.14;Faseranzahl;ADD;;2;
DWDM-XFP-42.94;Anwendung;ADD;;Carrier-/Transportnetz (DWDM / kohärent);
DWDM-XFP-42.94;Faseranzahl;ADD;;2;
DWDM-XFP-43.73;Anwendung;ADD;;Carrier-/Transportnetz (DWDM / kohärent);
DWDM-XFP-43.73;Faseranzahl;ADD;;2;
DWDM-XFP-44.53;Anwendung;ADD;;Carrier-/Transportnetz (DWDM / kohärent);
DWDM-XFP-44.53;Faseranzahl;ADD;;2;
DWDM-XFP-46.12;Anwendung;ADD;;Carrier-/Transportnetz (DWDM / kohärent);
DWDM-XFP-46.12;Faseranzahl;ADD;;2;
DWDM-XFP-46.92;Anwendung;ADD;;Carrier-/Transportnetz (DWDM / kohärent);
DWDM-XFP-46.92;Faseranzahl;ADD;;2;
DWDM-XFP-47.72;Anwendung;ADD;;Carrier-/Transportnetz (DWDM / kohärent);
DWDM-XFP-47.72;Faseranzahl;ADD;;2;
DWDM-XFP-48.51;Anwendung;ADD;;Carrier-/Transportnetz (DWDM / kohärent);
DWDM-XFP-48.51;Faseranzahl;ADD;;2;
DWDM-XFP-50.12;Anwendung;ADD;;Carrier-/Transportnetz (DWDM / kohärent);
DWDM-XFP-50.12;Faseranzahl;ADD;;2;
DWDM-XFP-50.92;Anwendung;ADD;;Carrier-/Transportnetz (DWDM / kohärent);
DWDM-XFP-50.92;Faseranzahl;ADD;;2;
DWDM-XFP-51.72;Anwendung;ADD;;Carrier-/Transportnetz (DWDM / kohärent);
DWDM-XFP-51.72;Faseranzahl;ADD;;2;
DWDM-XFP-52.52;Anwendung;ADD;;Carrier-/Transportnetz (DWDM / kohärent);
DWDM-XFP-52.52;Faseranzahl;ADD;;2;
DWDM-XFP-54.13;Anwendung;ADD;;Carrier-/Transportnetz (DWDM / kohärent);
DWDM-XFP-54.13;Faseranzahl;ADD;;2;
DWDM-XFP-54.94;Anwendung;ADD;;Carrier-/Transportnetz (DWDM / kohärent);
DWDM-XFP-54.94;Faseranzahl;ADD;;2;
DWDM-XFP-55.75;Anwendung;ADD;;Carrier-/Transportnetz (DWDM / kohärent);
DWDM-XFP-55.75;Faseranzahl;ADD;;2;
DWDM-XFP-56.55;Anwendung;ADD;;Carrier-/Transportnetz (DWDM / kohärent);
DWDM-XFP-56.55;Faseranzahl;ADD;;2;
DWDM-XFP-58.17;Anwendung;ADD;;Carrier-/Transportnetz (DWDM / kohärent);
DWDM-XFP-58.17;Faseranzahl;ADD;;2;
DWDM-XFP-58.98;Anwendung;ADD;;Carrier-/Transportnetz (DWDM / kohärent);
DWDM-XFP-58.98;Faseranzahl;ADD;;2;
DWDM-XFP-59.79;Anwendung;ADD;;Carrier-/Transportnetz (DWDM / kohärent);
DWDM-XFP-59.79;Faseranzahl;ADD;;2;
DWDM-XFP-60.61;Anwendung;ADD;;Carrier-/Transportnetz (DWDM / kohärent);
DWDM-XFP-60.61;Faseranzahl;ADD;;2;
GLC-2BX-D;Anwendung;ADD;;Campus-/Metro-Netz (Langstrecke);
GLC-2BX-D;Faseranzahl;ADD;;1;
GLC-BX-D;Anwendung;ADD;;Campus-/Metro-Netz (Langstrecke);
GLC-BX-D;Faseranzahl;ADD;;1;
GLC-BX-U;Anwendung;ADD;;Campus-/Metro-Netz (Langstrecke);
GLC-BX-U;Faseranzahl;ADD;;1;
GLC-BX40-D-I;Anwendung;ADD;;Metro-/Weitverkehrsnetz;
GLC-BX40-D-I;Faseranzahl;ADD;;1;
GLC-BX40-DA-I;Anwendung;ADD;;Metro-/Weitverkehrsnetz;
GLC-BX40-DA-I;Faseranzahl;ADD;;1;
GLC-BX40-U-I;Anwendung;ADD;;Metro-/Weitverkehrsnetz;
GLC-BX40-U-I;Faseranzahl;ADD;;1;
GLC-BX80-D-I;Anwendung;ADD;;Weitverkehrsnetz (Langstrecke);
GLC-BX80-D-I;Faseranzahl;ADD;;1;
GLC-BX80-U-I;Anwendung;ADD;;Weitverkehrsnetz (Langstrecke);
GLC-BX80-U-I;Faseranzahl;ADD;;1;
GLC-EX-SMD;Anwendung;ADD;;Metro-/Weitverkehrsnetz;
GLC-EX-SMD;Betriebstemperatur;REPLACE;Erweitert (-40°C bis 85°C);-5 bis 85 °C;Cisco c78-366584 Table 3 EXT
GLC-EX-SMD;Faseranzahl;ADD;;2;
GLC-FE-100BX-D;Anwendung;ADD;;Campus-/Metro-Netz (Langstrecke);
GLC-FE-100BX-D;Faseranzahl;ADD;;1;
GLC-FE-100BX-U;Anwendung;ADD;;Campus-/Metro-Netz (Langstrecke);
GLC-FE-100BX-U;Faseranzahl;ADD;;1;
GLC-FE-100EX;Anwendung;ADD;;Metro-/Weitverkehrsnetz;
GLC-FE-100EX;Faseranzahl;ADD;;2;
GLC-FE-100FX;Anwendung;ADD;;Campus-/Metro-Netz (Langstrecke);
GLC-FE-100FX;Faseranzahl;ADD;;2;
GLC-FE-100FX-RGD;Anwendung;ADD;;Campus-/Metro-Netz (Langstrecke);
GLC-FE-100FX-RGD;Faseranzahl;ADD;;2;
GLC-FE-100LX;Anwendung;ADD;;Campus-/Metro-Netz (Langstrecke);
GLC-FE-100LX;Faseranzahl;ADD;;2;
GLC-FE-100LX-RGD;Anwendung;ADD;;Campus-/Metro-Netz (Langstrecke);
GLC-FE-100LX-RGD;Faseranzahl;ADD;;2;
GLC-FE-100ZX;Anwendung;ADD;;Weitverkehrsnetz (Langstrecke);
GLC-FE-100ZX;Faseranzahl;ADD;;2;
GLC-LH-SM;Anwendung;ADD;;Campus-/Metro-Netz (Langstrecke);
GLC-LH-SM;Faseranzahl;ADD;;2;
GLC-LH-SMD;Anwendung;ADD;;Campus-/Metro-Netz (Langstrecke);
GLC-LH-SMD;Faseranzahl;ADD;;2;
GLC-LX-SM-RGD;Anwendung;ADD;;Campus-/Metro-Netz (Langstrecke);
GLC-LX-SM-RGD;Faseranzahl;ADD;;2;
GLC-SX-MM;Anwendung;ADD;;Rechenzentrum (Kurzstrecke);
GLC-SX-MM;Faseranzahl;ADD;;2;
GLC-SX-MM-RGD;Anwendung;ADD;;Rechenzentrum (Kurzstrecke);
GLC-SX-MM-RGD;Faseranzahl;ADD;;2;
GLC-SX-MMD;Anwendung;ADD;;Rechenzentrum (Kurzstrecke);
GLC-SX-MMD;Faseranzahl;ADD;;2;
GLC-T;Anwendung;ADD;;Zugriffs-/Verteilnetz (Kupfer);
GLC-TE;Anwendung;ADD;;Zugriffs-/Verteilnetz (Kupfer);
GLC-ZX-SM;Anwendung;ADD;;Weitverkehrsnetz (Langstrecke);
GLC-ZX-SM;Faseranzahl;ADD;;2;
GLC-ZX-SM-RGD;Anwendung;ADD;;Weitverkehrsnetz (Langstrecke);
GLC-ZX-SM-RGD;Faseranzahl;ADD;;2;
GLC-ZX-SMD;Anwendung;ADD;;Weitverkehrsnetz (Langstrecke);
GLC-ZX-SMD;Betriebstemperatur;REPLACE;Extended (-40°C bis 85°C);-5 bis 85 °C;Cisco c78-366584 Table 3 EXT
GLC-ZX-SMD;Faseranzahl;ADD;;2;
J4858C;Anwendung;ADD;;Rechenzentrum (Kurzstrecke);
J4858C;Faseranzahl;ADD;;2;
J4858D;Anwendung;ADD;;Rechenzentrum (Kurzstrecke);
J4858D;Faseranzahl;ADD;;2;
J4859C;Anwendung;ADD;;Campus-/Metro-Netz (Langstrecke);
J4859C;Faseranzahl;ADD;;2;
J4859D;Anwendung;ADD;;Campus-/Metro-Netz (Langstrecke);
J4859D;Faseranzahl;ADD;;2;
J9150A;Anwendung;ADD;;Rechenzentrum (Kurzstrecke);
J9150A;Faseranzahl;ADD;;2;
J9150D;Anwendung;ADD;;Rechenzentrum (Kurzstrecke);
J9150D;Faseranzahl;ADD;;2;
J9151A;Anwendung;ADD;;Campus-/Metro-Netz (Langstrecke);
J9151A;Faseranzahl;ADD;;2;
MA-SFP-10GB-ER;Anwendung;ADD;;Metro-/Weitverkehrsnetz;
MA-SFP-10GB-ER;Faseranzahl;ADD;;2;
MA-SFP-10GB-ZR;Anwendung;ADD;;Weitverkehrsnetz (Langstrecke);
MA-SFP-10GB-ZR;Faseranzahl;ADD;;2;
ONS-CFP2-WDM;Anwendung;ADD;;Carrier-/Transportnetz (DWDM / kohärent);
ONS-CFP2-WDM;Faseranzahl;ADD;;2;
ONS-CFP2-WDM2;Anwendung;ADD;;Carrier-/Transportnetz (DWDM / kohärent);
ONS-CFP2-WDM2;Faseranzahl;ADD;;2;
ONS-CFP2D-400G-C;Anwendung;ADD;;Carrier-/Transportnetz (DWDM / kohärent);
ONS-CFP2D-400G-C;Faseranzahl;ADD;;2;
ONS-QSFP28-LR4;Anwendung;ADD;;Campus-/Metro-Netz (Langstrecke);
ONS-QSFP28-LR4;Faseranzahl;ADD;;2;
QDD-2X100-CWDM4-S;Anwendung;ADD;;Campus-/Metro-Netz (Langstrecke);
QDD-2X100-CWDM4-S;Faseranzahl;ADD;;4;
QDD-2X100-LR4-S;Anwendung;ADD;;Campus-/Metro-Netz (Langstrecke);
QDD-2X100-LR4-S;Faseranzahl;ADD;;4;
QDD-2X100-SR4-S;Anwendung;ADD;;Rechenzentrum (Kurzstrecke);
QDD-2X100-SR4-S;Faseranzahl;ADD;;16;
QDD-400-AOC10M;Anwendung;ADD;;Rechenzentrum (Top-of-Rack-/Row-Verkabelung);
QDD-400-AOC15M;Anwendung;ADD;;Rechenzentrum (Top-of-Rack-/Row-Verkabelung);
QDD-400-AOC1M;Anwendung;ADD;;Rechenzentrum (Top-of-Rack-/Row-Verkabelung);
QDD-400-AOC20M;Anwendung;ADD;;Rechenzentrum (Top-of-Rack-/Row-Verkabelung);
QDD-400-AOC25M;Anwendung;ADD;;Rechenzentrum (Top-of-Rack-/Row-Verkabelung);
QDD-400-AOC2M;Anwendung;ADD;;Rechenzentrum (Top-of-Rack-/Row-Verkabelung);
QDD-400-AOC30M;Anwendung;ADD;;Transportnetz (SONET/SDH);
QDD-400-AOC3M;Anwendung;ADD;;Transportnetz (SONET/SDH);
QDD-400-AOC5M;Anwendung;ADD;;Rechenzentrum (Top-of-Rack-/Row-Verkabelung);
QDD-400-AOC7M;Anwendung;ADD;;Rechenzentrum (Top-of-Rack-/Row-Verkabelung);
QDD-400-CU1M;Anwendung;ADD;;Rechenzentrum (Top-of-Rack-/Row-Verkabelung);
QDD-400-CU2.5M;Anwendung;ADD;;Rechenzentrum (Top-of-Rack-/Row-Verkabelung);
QDD-400-CU2M;Anwendung;ADD;;Rechenzentrum (Top-of-Rack-/Row-Verkabelung);
QDD-400-CU3M;Anwendung;ADD;;Rechenzentrum (Top-of-Rack-/Row-Verkabelung);
QDD-400G-DR4-S;Anwendung;ADD;;Rechenzentrum (Kurzstrecke);
QDD-400G-DR4-S;Betriebstemperatur;REPLACE;Standard (0°C bis 70°C);0 bis 75 °C;Cisco c78-743172
QDD-400G-DR4-S;Faseranzahl;ADD;;8;
QDD-400G-FR4-S;Anwendung;ADD;;Campus-/Metro-Netz (Langstrecke);
QDD-400G-FR4-S;Betriebstemperatur;REPLACE;Standard (0°C bis 70°C);0 bis 75 °C;Cisco c78-743172
QDD-400G-FR4-S;Faseranzahl;ADD;;2;
QDD-400G-LR4-S;Anwendung;ADD;;Campus-/Metro-Netz (Langstrecke);
QDD-400G-LR4-S;Betriebstemperatur;REPLACE;Standard (0°C bis 70°C);0 bis 75 °C;Cisco c78-743172
QDD-400G-LR4-S;Faseranzahl;ADD;;2;
QDD-400G-LR8-S;Anwendung;ADD;;Campus-/Metro-Netz (Langstrecke);
QDD-400G-LR8-S;Betriebstemperatur;REPLACE;Standard (0°C bis 70°C);0 bis 75 °C;Cisco c78-743172
QDD-400G-LR8-S;Faseranzahl;ADD;;2;
QDD-400G-ZR-S;Anwendung;ADD;;Carrier-/Transportnetz (DWDM / kohärent);
QDD-400G-ZRP-S;Anwendung;ADD;;Carrier-/Transportnetz (DWDM / kohärent);
QDD-4X100G-LR-S;Anwendung;ADD;;Campus-/Metro-Netz (Langstrecke);
QDD-4X100G-LR-S;Faseranzahl;ADD;;8;
QSFP-100G-4W40-I;Anwendung;ADD;;Metro-/Weitverkehrsnetz;
QSFP-100G-4W40-I;Faseranzahl;ADD;;2;
QSFP-100G-AOC10M;Anwendung;ADD;;Rechenzentrum (Top-of-Rack-/Row-Verkabelung);
QSFP-100G-AOC10M;Formfaktor;ADD;;QSFP28;
QSFP-100G-AOC15M;Anwendung;ADD;;Rechenzentrum (Top-of-Rack-/Row-Verkabelung);
QSFP-100G-AOC15M;Formfaktor;ADD;;QSFP28;
QSFP-100G-AOC1M;Anwendung;ADD;;Rechenzentrum (Top-of-Rack-/Row-Verkabelung);
QSFP-100G-AOC1M;Formfaktor;ADD;;QSFP28;
QSFP-100G-AOC20M;Anwendung;ADD;;Rechenzentrum (Top-of-Rack-/Row-Verkabelung);
QSFP-100G-AOC20M;Formfaktor;ADD;;QSFP28;
QSFP-100G-AOC25M;Anwendung;ADD;;Rechenzentrum (Top-of-Rack-/Row-Verkabelung);
QSFP-100G-AOC25M;Formfaktor;ADD;;QSFP28;
QSFP-100G-AOC2M;Anwendung;ADD;;Rechenzentrum (Top-of-Rack-/Row-Verkabelung);
QSFP-100G-AOC2M;Formfaktor;ADD;;QSFP28;
QSFP-100G-AOC30M;Anwendung;ADD;;Transportnetz (SONET/SDH);
QSFP-100G-AOC30M;Formfaktor;ADD;;QSFP28;
QSFP-100G-AOC3M;Anwendung;ADD;;Transportnetz (SONET/SDH);
QSFP-100G-AOC3M;Formfaktor;ADD;;QSFP28;
QSFP-100G-AOC5M;Anwendung;ADD;;Rechenzentrum (Top-of-Rack-/Row-Verkabelung);
QSFP-100G-AOC5M;Formfaktor;ADD;;QSFP28;
QSFP-100G-AOC7M;Anwendung;ADD;;Rechenzentrum (Top-of-Rack-/Row-Verkabelung);
QSFP-100G-AOC7M;Formfaktor;ADD;;QSFP28;
QSFP-100G-CU1M;Anwendung;ADD;;Rechenzentrum (Top-of-Rack-/Row-Verkabelung);
QSFP-100G-CU1M;Formfaktor;ADD;;QSFP28;
QSFP-100G-CU2M;Anwendung;ADD;;Rechenzentrum (Top-of-Rack-/Row-Verkabelung);
QSFP-100G-CU2M;Formfaktor;ADD;;QSFP28;
QSFP-100G-CU3M;Anwendung;ADD;;Rechenzentrum (Top-of-Rack-/Row-Verkabelung);
QSFP-100G-CU3M;Formfaktor;ADD;;QSFP28;
QSFP-100G-CU5M;Anwendung;ADD;;Rechenzentrum (Top-of-Rack-/Row-Verkabelung);
QSFP-100G-CU5M;Formfaktor;ADD;;QSFP28;
QSFP-100G-CWDM4-S;Anwendung;ADD;;Campus-/Metro-Netz (Langstrecke);
QSFP-100G-CWDM4-S;Faseranzahl;ADD;;2;
QSFP-100G-DR-S;Anwendung;ADD;;Rechenzentrum (Kurzstrecke);
QSFP-100G-DR-S;Faseranzahl;ADD;;2;
QSFP-100G-ER4L-S;Anwendung;ADD;;Metro-/Weitverkehrsnetz;
QSFP-100G-ER4L-S;Faseranzahl;ADD;;2;
QSFP-100G-ERL-S;Anwendung;ADD;;Metro-/Weitverkehrsnetz;
QSFP-100G-ERL-S;Faseranzahl;ADD;;2;
QSFP-100G-FR-S;Anwendung;ADD;;Campus-/Metro-Netz (Langstrecke);
QSFP-100G-FR-S;Faseranzahl;ADD;;2;
QSFP-100G-LR-S;Anwendung;ADD;;Campus-/Metro-Netz (Langstrecke);
QSFP-100G-LR-S;Faseranzahl;ADD;;2;
QSFP-100G-LR4-I;Anwendung;ADD;;Campus-/Metro-Netz (Langstrecke);
QSFP-100G-LR4-I;Faseranzahl;ADD;;2;
QSFP-100G-LR4-S;Anwendung;ADD;;Campus-/Metro-Netz (Langstrecke);
QSFP-100G-LR4-S;Faseranzahl;ADD;;2;
QSFP-100G-PSM4-S;Anwendung;ADD;;Rechenzentrum (Kurzstrecke);
QSFP-100G-PSM4-S;Faseranzahl;ADD;;8;
QSFP-100G-SM-SR;Anwendung;ADD;;Campus-/Metro-Netz (Langstrecke);
QSFP-100G-SM-SR;Betriebstemperatur;REPLACE;Standard (0°C bis 70°C);+10 bis 60 °C;Cisco c78-736282
QSFP-100G-SM-SR;Faseranzahl;ADD;;2;
QSFP-100G-SR-S;Anwendung;ADD;;Rechenzentrum (Kurzstrecke);
QSFP-100G-SR-S;Faseranzahl;ADD;;2;
QSFP-100G-SR1.2;Anwendung;ADD;;Rechenzentrum (Kurzstrecke);
QSFP-100G-SR1.2;Faseranzahl;ADD;;2;
QSFP-100G-SR4;Anwendung;ADD;;Rechenzentrum (Kurzstrecke);
QSFP-100G-SR4;Faseranzahl;ADD;;8;
QSFP-100G-ZR4-S;Anwendung;ADD;;Weitverkehrsnetz (Langstrecke);
QSFP-100G-ZR4-S;Betriebstemperatur;REPLACE;Extended (-40°C bis 85°C);0 bis 70 °C;Cisco FAQ
QSFP-100G-ZR4-S;Faseranzahl;ADD;;2;
QSFP-40/100-SRBD;Anwendung;ADD;;Rechenzentrum (Kurzstrecke);
QSFP-40/100-SRBD;Faseranzahl;ADD;;2;
QSFP-40G-BD-RX;Anwendung;ADD;;Rechenzentrum (Kurzstrecke);
QSFP-40G-BD-RX;Faseranzahl;ADD;;2;
QSFP-40G-CSR-S;Anwendung;ADD;;Rechenzentrum (Kurzstrecke);
QSFP-40G-CSR-S;Faseranzahl;ADD;;2;
QSFP-40G-CSR4;Anwendung;ADD;;Rechenzentrum (Kurzstrecke);
QSFP-40G-CSR4;Faseranzahl;ADD;;8;
QSFP-40G-ER4;Anwendung;ADD;;Metro-/Weitverkehrsnetz;
QSFP-40G-ER4;Faseranzahl;ADD;;2;
QSFP-40G-LR4;Anwendung;ADD;;Campus-/Metro-Netz (Langstrecke);
QSFP-40G-LR4;Faseranzahl;ADD;;2;
QSFP-40G-LR4-S;Anwendung;ADD;;Campus-/Metro-Netz (Langstrecke);
QSFP-40G-LR4-S;Faseranzahl;ADD;;2;
QSFP-40G-SR-BD;Anwendung;ADD;;Rechenzentrum (Kurzstrecke);
QSFP-40G-SR-BD;Faseranzahl;ADD;;2;
QSFP-40G-SR4;Anwendung;ADD;;Rechenzentrum (Kurzstrecke);
QSFP-40G-SR4;Faseranzahl;ADD;;8;
QSFP-40G-SR4-S;Anwendung;ADD;;Rechenzentrum (Kurzstrecke);
QSFP-40G-SR4-S;Faseranzahl;ADD;;8;
QSFP-40GE-LR4;Anwendung;ADD;;Campus-/Metro-Netz (Langstrecke);
QSFP-40GE-LR4;Faseranzahl;ADD;;2;
QSFP-4SFP10G-CU1M;Anwendung;ADD;;Rechenzentrum (Top-of-Rack-/Row-Verkabelung);
QSFP-4SFP10G-CU1M;Formfaktor;ADD;;QSFP+;
QSFP-4SFP10G-CU2M;Anwendung;ADD;;Rechenzentrum (Top-of-Rack-/Row-Verkabelung);
QSFP-4SFP10G-CU2M;Formfaktor;ADD;;QSFP+;
QSFP-4SFP10G-CU3M;Anwendung;ADD;;Rechenzentrum (Top-of-Rack-/Row-Verkabelung);
QSFP-4SFP10G-CU3M;Formfaktor;ADD;;QSFP+;
QSFP-4SFP10G-CU4M;Anwendung;ADD;;Rechenzentrum (Top-of-Rack-/Row-Verkabelung);
QSFP-4SFP10G-CU4M;Formfaktor;ADD;;QSFP+;
QSFP-4SFP10G-CU5M;Anwendung;ADD;;Rechenzentrum (Top-of-Rack-/Row-Verkabelung);
QSFP-4SFP10G-CU5M;Formfaktor;ADD;;QSFP+;
QSFP-4SFP25G-CU1M;Anwendung;ADD;;Rechenzentrum (Top-of-Rack-/Row-Verkabelung);
QSFP-4SFP25G-CU1M;Formfaktor;ADD;;QSFP28;
QSFP-4SFP25G-CU2M;Anwendung;ADD;;Rechenzentrum (Top-of-Rack-/Row-Verkabelung);
QSFP-4SFP25G-CU2M;Formfaktor;ADD;;QSFP28;
QSFP-4SFP25G-CU3M;Anwendung;ADD;;Rechenzentrum (Top-of-Rack-/Row-Verkabelung);
QSFP-4SFP25G-CU3M;Formfaktor;ADD;;QSFP28;
QSFP-4SFP25G-CU5M;Anwendung;ADD;;Rechenzentrum (Top-of-Rack-/Row-Verkabelung);
QSFP-4SFP25G-CU5M;Formfaktor;ADD;;QSFP28;
QSFP-4X10G-AC10M;Anwendung;ADD;;Rechenzentrum (Top-of-Rack-/Row-Verkabelung);
QSFP-4X10G-AC10M;Formfaktor;ADD;;QSFP+;
QSFP-4X10G-AC7M;Anwendung;ADD;;Rechenzentrum (Top-of-Rack-/Row-Verkabelung);
QSFP-4X10G-AC7M;Formfaktor;ADD;;QSFP+;
QSFP-4X10G-LR-S;Anschlusstyp;REPLACE;LC;MPO-12 (APC);§5.4
QSFP-4X10G-LR-S;Anwendung;ADD;;Campus-/Metro-Netz (Langstrecke);
QSFP-4X10G-LR-S;Faseranzahl;ADD;;8;
QSFP-H40G-ACU10M;Anwendung;ADD;;Rechenzentrum (Top-of-Rack-/Row-Verkabelung);
QSFP-H40G-ACU10M;Formfaktor;ADD;;QSFP+;
QSFP-H40G-ACU7M;Anwendung;ADD;;Rechenzentrum (Top-of-Rack-/Row-Verkabelung);
QSFP-H40G-ACU7M;Formfaktor;ADD;;QSFP+;
QSFP-H40G-AOC10M;Anwendung;ADD;;Rechenzentrum (Top-of-Rack-/Row-Verkabelung);
QSFP-H40G-AOC10M;Formfaktor;ADD;;QSFP+;
QSFP-H40G-AOC15M;Anwendung;ADD;;Rechenzentrum (Top-of-Rack-/Row-Verkabelung);
QSFP-H40G-AOC15M;Formfaktor;ADD;;QSFP+;
QSFP-H40G-AOC1M;Anwendung;ADD;;Rechenzentrum (Top-of-Rack-/Row-Verkabelung);
QSFP-H40G-AOC1M;Formfaktor;ADD;;QSFP+;
QSFP-H40G-AOC20M;Anwendung;ADD;;Rechenzentrum (Top-of-Rack-/Row-Verkabelung);
QSFP-H40G-AOC20M;Formfaktor;ADD;;QSFP+;
QSFP-H40G-AOC25M;Anwendung;ADD;;Rechenzentrum (Top-of-Rack-/Row-Verkabelung);
QSFP-H40G-AOC25M;Formfaktor;ADD;;QSFP+;
QSFP-H40G-AOC2M;Anwendung;ADD;;Rechenzentrum (Top-of-Rack-/Row-Verkabelung);
QSFP-H40G-AOC2M;Formfaktor;ADD;;QSFP+;
QSFP-H40G-AOC30M;Anwendung;ADD;;Transportnetz (SONET/SDH);
QSFP-H40G-AOC30M;Formfaktor;ADD;;QSFP+;
QSFP-H40G-AOC3M;Anwendung;ADD;;Transportnetz (SONET/SDH);
QSFP-H40G-AOC3M;Formfaktor;ADD;;QSFP+;
QSFP-H40G-AOC5M;Anwendung;ADD;;Rechenzentrum (Top-of-Rack-/Row-Verkabelung);
QSFP-H40G-AOC5M;Formfaktor;ADD;;QSFP+;
QSFP-H40G-AOC7M;Anwendung;ADD;;Rechenzentrum (Top-of-Rack-/Row-Verkabelung);
QSFP-H40G-AOC7M;Formfaktor;ADD;;QSFP+;
QSFP-H40G-CU1M;Anwendung;ADD;;Rechenzentrum (Top-of-Rack-/Row-Verkabelung);
QSFP-H40G-CU1M;Formfaktor;ADD;;QSFP+;
QSFP-H40G-CU2M;Anwendung;ADD;;Rechenzentrum (Top-of-Rack-/Row-Verkabelung);
QSFP-H40G-CU2M;Formfaktor;ADD;;QSFP+;
QSFP-H40G-CU3M;Anwendung;ADD;;Rechenzentrum (Top-of-Rack-/Row-Verkabelung);
QSFP-H40G-CU3M;Formfaktor;ADD;;QSFP+;
QSFP-H40G-CU4M;Anwendung;ADD;;Rechenzentrum (Top-of-Rack-/Row-Verkabelung);
QSFP-H40G-CU4M;Formfaktor;ADD;;QSFP+;
QSFP-H40G-CU5M;Anwendung;ADD;;Rechenzentrum (Top-of-Rack-/Row-Verkabelung);
QSFP-H40G-CU5M;Formfaktor;ADD;;QSFP+;
SFP-10/25G-BXD-I;Anwendung;ADD;;Campus-/Metro-Netz (Langstrecke);
SFP-10/25G-BXD-I;Faseranzahl;ADD;;1;
SFP-10/25G-BXU-I;Anwendung;ADD;;Campus-/Metro-Netz (Langstrecke);
SFP-10/25G-BXU-I;Faseranzahl;ADD;;1;
SFP-10/25G-CSR-S;Anwendung;ADD;;Rechenzentrum (Kurzstrecke);
SFP-10/25G-CSR-S;Faseranzahl;ADD;;2;
SFP-10/25G-LR-I;Anwendung;ADD;;Campus-/Metro-Netz (Langstrecke);
SFP-10/25G-LR-I;Faseranzahl;ADD;;2;
SFP-10/25G-LR-S;Anwendung;ADD;;Campus-/Metro-Netz (Langstrecke);
SFP-10/25G-LR-S;Faseranzahl;ADD;;2;
SFP-10G-AOC10M;Anwendung;ADD;;Rechenzentrum (Top-of-Rack-/Row-Verkabelung);
SFP-10G-AOC10M;Formfaktor;ADD;;SFP+;
SFP-10G-AOC1M;Anwendung;ADD;;Rechenzentrum (Top-of-Rack-/Row-Verkabelung);
SFP-10G-AOC1M;Formfaktor;ADD;;SFP+;
SFP-10G-AOC2M;Anwendung;ADD;;Rechenzentrum (Top-of-Rack-/Row-Verkabelung);
SFP-10G-AOC2M;Formfaktor;ADD;;SFP+;
SFP-10G-AOC3M;Anwendung;ADD;;Transportnetz (SONET/SDH);
SFP-10G-AOC3M;Formfaktor;ADD;;SFP+;
SFP-10G-AOC5M;Anwendung;ADD;;Rechenzentrum (Top-of-Rack-/Row-Verkabelung);
SFP-10G-AOC5M;Formfaktor;ADD;;SFP+;
SFP-10G-AOC7M;Anwendung;ADD;;Rechenzentrum (Top-of-Rack-/Row-Verkabelung);
SFP-10G-AOC7M;Formfaktor;ADD;;SFP+;
SFP-10G-BX40D-I;Anwendung;ADD;;Metro-/Weitverkehrsnetz;
SFP-10G-BX40D-I;Faseranzahl;ADD;;1;
SFP-10G-ER;Anwendung;ADD;;Metro-/Weitverkehrsnetz;
SFP-10G-ER;Faseranzahl;ADD;;2;
SFP-10G-ER-I;Anwendung;ADD;;Metro-/Weitverkehrsnetz;
SFP-10G-ER-I;Faseranzahl;ADD;;2;
SFP-10G-ER-S;Anwendung;ADD;;Metro-/Weitverkehrsnetz;
SFP-10G-ER-S;Faseranzahl;ADD;;2;
SFP-10G-LR;Anwendung;ADD;;Campus-/Metro-Netz (Langstrecke);
SFP-10G-LR;Faseranzahl;ADD;;2;
SFP-10G-LR-S;Anwendung;ADD;;Campus-/Metro-Netz (Langstrecke);
SFP-10G-LR-S;Faseranzahl;ADD;;2;
SFP-10G-LR-X;Anwendung;ADD;;Campus-/Metro-Netz (Langstrecke);
SFP-10G-LR-X;Faseranzahl;ADD;;2;
SFP-10G-LRM;Anwendung;ADD;;Rechenzentrum (Kurzstrecke);
SFP-10G-LRM;Faseranzahl;ADD;;2;
SFP-10G-SR;Anwendung;ADD;;Rechenzentrum (Kurzstrecke);
SFP-10G-SR;Faseranzahl;ADD;;2;
SFP-10G-SR-S;Anwendung;ADD;;Rechenzentrum (Kurzstrecke);
SFP-10G-SR-S;Faseranzahl;ADD;;2;
SFP-10G-SR-X;Anwendung;ADD;;Rechenzentrum (Kurzstrecke);
SFP-10G-SR-X;Faseranzahl;ADD;;2;
SFP-10G-ZR;Anwendung;ADD;;Weitverkehrsnetz (Langstrecke);
SFP-10G-ZR;Faseranzahl;ADD;;2;
SFP-10G-ZR-I;Anwendung;ADD;;Weitverkehrsnetz (Langstrecke);
SFP-10G-ZR-I;Faseranzahl;ADD;;2;
SFP-10G-ZR-S;Anwendung;ADD;;Weitverkehrsnetz (Langstrecke);
SFP-10G-ZR-S;Faseranzahl;ADD;;2;
SFP-25G-AOC10M;Anwendung;ADD;;Rechenzentrum (Top-of-Rack-/Row-Verkabelung);
SFP-25G-AOC10M;Formfaktor;ADD;;SFP28;
SFP-25G-AOC1M;Anwendung;ADD;;Rechenzentrum (Top-of-Rack-/Row-Verkabelung);
SFP-25G-AOC1M;Formfaktor;ADD;;SFP28;
SFP-25G-AOC2M;Anwendung;ADD;;Rechenzentrum (Top-of-Rack-/Row-Verkabelung);
SFP-25G-AOC2M;Formfaktor;ADD;;SFP28;
SFP-25G-AOC3M;Anwendung;ADD;;Transportnetz (SONET/SDH);
SFP-25G-AOC3M;Formfaktor;ADD;;SFP28;
SFP-25G-AOC4M;Anwendung;ADD;;Rechenzentrum (Top-of-Rack-/Row-Verkabelung);
SFP-25G-AOC4M;Formfaktor;ADD;;SFP28;
SFP-25G-AOC5M;Anwendung;ADD;;Rechenzentrum (Top-of-Rack-/Row-Verkabelung);
SFP-25G-AOC5M;Formfaktor;ADD;;SFP28;
SFP-25G-AOC7M;Anwendung;ADD;;Rechenzentrum (Top-of-Rack-/Row-Verkabelung);
SFP-25G-AOC7M;Formfaktor;ADD;;SFP28;
SFP-25G-ER-I;Anwendung;ADD;;Metro-/Weitverkehrsnetz;
SFP-25G-ER-I;Faseranzahl;ADD;;2;
SFP-25G-SL;Anwendung;ADD;;Rechenzentrum (Kurzstrecke);
SFP-25G-SL;Faseranzahl;ADD;;2;
SFP-25G-SR-S;Anwendung;ADD;;Rechenzentrum (Kurzstrecke);
SFP-25G-SR-S;Faseranzahl;ADD;;2;
SFP-GE-L;Anwendung;ADD;;Campus-/Metro-Netz (Langstrecke);
SFP-GE-L;Betriebstemperatur;REPLACE;Standard (0°C bis 70°C);-5 bis 85 °C;Cisco c78-366584 Table 3 EXT
SFP-GE-L;Faseranzahl;ADD;;2;
SFP-GE-S;Anwendung;ADD;;Rechenzentrum (Kurzstrecke);
SFP-GE-S;Betriebstemperatur;REPLACE;Standard (0°C bis 70°C);-5 bis 85 °C;Cisco c78-366584 Table 3 EXT
SFP-GE-S;Faseranzahl;ADD;;2;
SFP-GE-T;Anwendung;ADD;;Zugriffs-/Verteilnetz (Kupfer);
SFP-GE-T;Betriebstemperatur;REPLACE;Standard (0°C bis 70°C);-5 bis 85 °C;Cisco c78-366584 Table 3 EXT
SFP-GE-Z;Anwendung;ADD;;Weitverkehrsnetz (Langstrecke);
SFP-GE-Z;Betriebstemperatur;REPLACE;Standard (0°C bis 70°C);-5 bis 85 °C;Cisco c78-366584 Table 3 EXT
SFP-GE-Z;Faseranzahl;ADD;;2;
SFP-GPON-B;Anwendung;ADD;;Zugriffsnetz (GPON / PON-Zugang);
SFP-GPON-B;Faseranzahl;ADD;;1;
SFP-GPON-B-I;Anwendung;ADD;;Zugriffsnetz (GPON / PON-Zugang);
SFP-GPON-B-I;Faseranzahl;ADD;;1;
SFP-GPON-C;Anwendung;ADD;;Zugriffsnetz (GPON / PON-Zugang);
SFP-GPON-C;Faseranzahl;ADD;;1;
SFP-GPON-C-I;Anwendung;ADD;;Zugriffsnetz (GPON / PON-Zugang);
SFP-GPON-C-I;Faseranzahl;ADD;;1;
SFP-H10GB-ACU10M;Anwendung;ADD;;Rechenzentrum (Top-of-Rack-/Row-Verkabelung);
SFP-H10GB-ACU10M;Formfaktor;ADD;;SFP+;
SFP-H10GB-ACU7M;Anwendung;ADD;;Rechenzentrum (Top-of-Rack-/Row-Verkabelung);
SFP-H10GB-ACU7M;Formfaktor;ADD;;SFP+;
SFP-H10GB-CU1-5M;Anwendung;ADD;;Rechenzentrum (Top-of-Rack-/Row-Verkabelung);
SFP-H10GB-CU1-5M;Betriebstemperatur;ADD;;0 bis 70 °C;Cisco c78-743172 copper
SFP-H10GB-CU1-5M;Formfaktor;ADD;;SFP+;
SFP-H10GB-CU1M;Anwendung;ADD;;Rechenzentrum (Top-of-Rack-/Row-Verkabelung);
SFP-H10GB-CU1M;Betriebstemperatur;ADD;;0 bis 70 °C;Cisco c78-743172 copper
SFP-H10GB-CU1M;Formfaktor;ADD;;SFP+;
SFP-H10GB-CU2-5M;Anwendung;ADD;;Rechenzentrum (Top-of-Rack-/Row-Verkabelung);
SFP-H10GB-CU2-5M;Betriebstemperatur;ADD;;0 bis 70 °C;Cisco c78-743172 copper
SFP-H10GB-CU2-5M;Formfaktor;ADD;;SFP+;
SFP-H10GB-CU2M;Anwendung;ADD;;Rechenzentrum (Top-of-Rack-/Row-Verkabelung);
SFP-H10GB-CU2M;Betriebstemperatur;ADD;;0 bis 70 °C;Cisco c78-743172 copper
SFP-H10GB-CU2M;Formfaktor;ADD;;SFP+;
SFP-H10GB-CU3M;Anwendung;ADD;;Rechenzentrum (Top-of-Rack-/Row-Verkabelung);
SFP-H10GB-CU3M;Betriebstemperatur;ADD;;0 bis 70 °C;Cisco c78-743172 copper
SFP-H10GB-CU3M;Formfaktor;ADD;;SFP+;
SFP-H10GB-CU4M;Anwendung;ADD;;Rechenzentrum (Top-of-Rack-/Row-Verkabelung);
SFP-H10GB-CU4M;Betriebstemperatur;ADD;;0 bis 70 °C;Cisco c78-743172 copper
SFP-H10GB-CU4M;Formfaktor;ADD;;SFP+;
SFP-H10GB-CU5M;Anwendung;ADD;;Rechenzentrum (Top-of-Rack-/Row-Verkabelung);
SFP-H10GB-CU5M;Betriebstemperatur;ADD;;0 bis 70 °C;Cisco c78-743172 copper
SFP-H10GB-CU5M;Formfaktor;ADD;;SFP+;
SFP-H25G-CU1M;Anwendung;ADD;;Rechenzentrum (Top-of-Rack-/Row-Verkabelung);
SFP-H25G-CU1M;Betriebstemperatur;ADD;;0 bis 70 °C;Cisco c78-743172 copper
SFP-H25G-CU1M;Formfaktor;ADD;;SFP28;
SFP-H25G-CU2M;Anwendung;ADD;;Rechenzentrum (Top-of-Rack-/Row-Verkabelung);
SFP-H25G-CU2M;Betriebstemperatur;ADD;;0 bis 70 °C;Cisco c78-743172 copper
SFP-H25G-CU2M;Formfaktor;ADD;;SFP28;
SFP-H25G-CU3M;Anwendung;ADD;;Rechenzentrum (Top-of-Rack-/Row-Verkabelung);
SFP-H25G-CU3M;Betriebstemperatur;ADD;;0 bis 70 °C;Cisco c78-743172 copper
SFP-H25G-CU3M;Formfaktor;ADD;;SFP28;
SFP-H25G-CU4M;Anwendung;ADD;;Rechenzentrum (Top-of-Rack-/Row-Verkabelung);
SFP-H25G-CU4M;Betriebstemperatur;ADD;;0 bis 70 °C;Cisco c78-743172 copper
SFP-H25G-CU4M;Formfaktor;ADD;;SFP28;
SFP-H25G-CU5M;Anwendung;ADD;;Rechenzentrum (Top-of-Rack-/Row-Verkabelung);
SFP-H25G-CU5M;Betriebstemperatur;ADD;;0 bis 70 °C;Cisco c78-743172 copper
SFP-H25G-CU5M;Formfaktor;ADD;;SFP28;
WS-G5483;Anwendung;ADD;;Zugriffs-/Verteilnetz (Kupfer);
WS-G5484;Anwendung;ADD;;Rechenzentrum (Kurzstrecke);
WS-G5484;Faseranzahl;ADD;;2;
WS-G5486;Anwendung;ADD;;Campus-/Metro-Netz (Langstrecke);
WS-G5486;Faseranzahl;ADD;;2;
WS-G5487;Anwendung;ADD;;Weitverkehrsnetz (Langstrecke);
WS-G5487;Faseranzahl;ADD;;2;
WSP-Q40GLR4L;Anwendung;ADD;;Campus-/Metro-Netz (Langstrecke);
WSP-Q40GLR4L;Faseranzahl;ADD;;2;
X2-10GB-CX4;Anwendung;ADD;;Zugriffs-/Verteilnetz (Kupfer);
X2-10GB-ER;Anwendung;ADD;;Metro-/Weitverkehrsnetz;
X2-10GB-ER;Faseranzahl;ADD;;2;
X2-10GB-LR;Anwendung;ADD;;Campus-/Metro-Netz (Langstrecke);
X2-10GB-LR;Faseranzahl;ADD;;2;
X2-10GB-LRM;Anwendung;ADD;;Rechenzentrum (Kurzstrecke);
X2-10GB-LRM;Faseranzahl;ADD;;2;
X2-10GB-LX4;Anwendung;ADD;;Rechenzentrum (Kurzstrecke);
X2-10GB-LX4;Faseranzahl;ADD;;2;
X2-10GB-SR;Anwendung;ADD;;Rechenzentrum (Kurzstrecke);
X2-10GB-SR;Faseranzahl;ADD;;2;
X2-10GB-ZR;Anwendung;ADD;;Weitverkehrsnetz (Langstrecke);
X2-10GB-ZR;Faseranzahl;ADD;;2;
XENPAK-10GB-CX4;Anwendung;ADD;;Zugriffs-/Verteilnetz (Kupfer);
XENPAK-10GB-LRM;Anwendung;ADD;;Rechenzentrum (Kurzstrecke);
XENPAK-10GB-LRM;Faseranzahl;ADD;;2;
XENPAK-10GB-LX4;Anwendung;ADD;;Rechenzentrum (Kurzstrecke);
XENPAK-10GB-LX4;Faseranzahl;ADD;;2;
XENPAK-10GB-SR;Anwendung;ADD;;Rechenzentrum (Kurzstrecke);
XENPAK-10GB-SR;Faseranzahl;ADD;;2;
XENPAK-10GB-ZR;Anwendung;ADD;;Weitverkehrsnetz (Langstrecke);
XENPAK-10GB-ZR;Faseranzahl;ADD;;2;
XFP-10G-MM-SR;Anwendung;ADD;;Rechenzentrum (Kurzstrecke);
XFP-10G-MM-SR;Faseranzahl;ADD;;2;
XFP-10G-MM-SR;Formfaktor;REPLACE;SFP+;XFP;PN is XFP
XFP-10GER-OC192IR;Anwendung;ADD;;Transportnetz (SONET/SDH);
XFP-10GER-OC192IR;Faseranzahl;ADD;;2;
XFP-10GLR-OC192SR;Anwendung;ADD;;Transportnetz (SONET/SDH);
XFP-10GLR-OC192SR;Faseranzahl;ADD;;2;
XFP-10GZR-OC192LR;Anwendung;ADD;;Transportnetz (SONET/SDH);
XFP-10GZR-OC192LR;Faseranzahl;ADD;;2;
XFP10GER-192IR-L;Anwendung;ADD;;Transportnetz (SONET/SDH);
XFP10GER-192IR-L;Faseranzahl;ADD;;2;
XFP10GER192IR-RGD;Anwendung;ADD;;Transportnetz (SONET/SDH);
XFP10GER192IR-RGD;Faseranzahl;ADD;;2;
XFP10GLR-192SR-L;Anwendung;ADD;;Transportnetz (SONET/SDH);
XFP10GLR-192SR-L;Faseranzahl;ADD;;2;
XFP10GZR192LR-RGD;Anwendung;ADD;;Transportnetz (SONET/SDH);
XFP10GZR192LR-RGD;Faseranzahl;ADD;;2;
